,words
0,mercado
1,yangco
2,menila
3,kambe
4,ya
5,ing
6,ing
7,alagang
8,atlung
9,pulung
10,centimong
11,pilak
12,giro
13,postal
14,at
15,bitasan
16,dang
17,tanggapan
18,de
19,ing
20,maring
21,atin
22,keng
23,masusing
24,listahan
25,ding
26,lagyu
27,ra
28,tuknangan
29,ding
30,manabilin
31,novelang
32,maring
33,bukud
34,kaniti
35,pisasali
36,mi
37,la
38,mu
39,naman
40,ding
41,tutuking
42,aklat
43,pawang
44,gewa
45,na
46,ning
47,gg
48,aurelio
49,tolentino
50,utya
51,daklat
52,kayanakan
53,kasulatang
54,gintu
55,ing
56,buak
57,nang
58,ester
59,mumhnang
60,dake
61,ing
62,buak
63,nang
64,ester
65,kaladuang
66,dake
67,mercado
68,yangco
69,menila
70,kambe
71,ya
72,ing
73,ing
74,alagang
75,atlung
76,pulung
77,centimong
78,pilak
79,giro
80,postal
81,at
82,bitasan
83,dang
84,tanggapan
85,de
86,ing
87,maring
88,atin
89,keng
90,masusing
91,listahan
92,ding
93,lagyu
94,ra
95,tuknangan
96,ding
97,manabilin
98,novelang
99,maring
100,bukud
101,kaniti
102,pisasali
103,mi
104,la
105,mu
106,naman
107,ding
108,tutuking
109,aklat
110,pawang
111,gewa
112,na
113,ning
114,gg
115,aurelio
116,tolentino
117,utya
118,daklat
119,kayanakan
120,kasulatang
121,gintu
122,ing
123,buak
124,nang
125,ester
126,mumhnang
127,dake
128,ing
129,buak
130,nang
131,ester
132,kaladuang
133,dake
134,mercado
135,yangco
136,menila
137,kambe
138,ya
139,ing
140,ing
141,alagang
142,atlung
143,pulung
144,centimong
145,pilak
146,giro
147,postal
148,at
149,bitasan
150,dang
151,tanggapan
152,de
153,ing
154,maring
155,atin
156,keng
157,masusing
158,listahan
159,ding
160,lagyu
161,ra
162,tuknangan
163,ding
164,manabilin
165,novelang
166,maring
167,bukud
168,kaniti
169,pisasali
170,mi
171,la
172,mu
173,naman
174,ding
175,tutuking
176,aklat
177,pawang
178,gewa
179,na
180,ning
181,gg
182,aurelio
183,tolentino
184,utya
185,daklat
186,kayanakan
187,kasulatang
188,gintu
189,ing
190,buak
191,nang
192,ester
193,mumhnang
194,dake
195,ing
196,buak
197,nang
198,ester
199,kaladuang
200,dake
201,mercado
202,yangco
203,menila
204,kambe
205,ya
206,ing
207,ing
208,alagang
209,atlung
210,pulung
211,centimong
212,pilak
213,giro
214,postal
215,at
216,bitasan
217,dang
218,tanggapan
219,de
220,ing
221,maring
222,atin
223,keng
224,masusing
225,listahan
226,ding
227,lagyu
228,ra
229,tuknangan
230,ding
231,manabilin
232,novelang
233,maring
234,bukud
235,kaniti
236,pisasali
237,mi
238,la
239,mu
240,naman
241,ding
242,tutuking
243,aklat
244,pawang
245,gewa
246,na
247,ning
248,gg
249,aurelio
250,tolentino
251,utya
252,daklat
253,kayanakan
254,kasulatang
255,gintu
256,ing
257,buak
258,nang
259,ester
260,mumhnang
261,dake
262,ing
263,buak
264,nang
265,ester
266,kaladuang
267,dake
268,mercado
269,yangco
270,menila
271,kambe
272,ya
273,ing
274,ing
275,alagang
276,atlung
277,pulung
278,centimong
279,pilak
280,giro
281,postal
282,at
283,bitasan
284,dang
285,tanggapan
286,de
287,ing
288,maring
289,atin
290,keng
291,masusing
292,listahan
293,ding
294,lagyu
295,ra
296,tuknangan
297,ding
298,manabilin
299,novelang
300,maring
301,bukud
302,kaniti
303,pisasali
304,mi
305,la
306,mu
307,naman
308,ding
309,tutuking
310,aklat
311,pawang
312,gewa
313,na
314,ning
315,gg
316,aurelio
317,tolentino
318,utya
319,daklat
320,kayanakan
321,kasulatang
322,gintu
323,ing
324,buak
325,nang
326,ester
327,mumhnang
328,dake
329,ing
330,buak
331,nang
332,ester
333,kaladuang
334,dake
335,mercado
336,yangco
337,menila
338,kambe
339,ya
340,ing
341,ing
342,alagang
343,atlung
344,pulung
345,centimong
346,pilak
347,giro
348,postal
349,at
350,bitasan
351,dang
352,tanggapan
353,de
354,ing
355,maring
356,atin
357,keng
358,masusing
359,listahan
360,ding
361,lagyu
362,ra
363,tuknangan
364,ding
365,manabilin
366,novelang
367,maring
368,bukud
369,kaniti
370,pisasali
371,mi
372,la
373,mu
374,naman
375,ding
376,tutuking
377,aklat
378,pawang
379,gewa
380,na
381,ning
382,gg
383,aurelio
384,tolentino
385,utya
386,daklat
387,kayanakan
388,kasulatang
389,gintu
390,ing
391,buak
392,nang
393,ester
394,mumhnang
395,dake
396,ing
397,buak
398,nang
399,ester
400,kaladuang
401,dake
402,mercado
403,yangco
404,menila
405,kambe
406,ya
407,ing
408,ing
409,alagang
410,atlung
411,pulung
412,centimong
413,pilak
414,giro
415,postal
416,at
417,bitasan
418,dang
419,tanggapan
420,de
421,ing
422,maring
423,atin
424,keng
425,masusing
426,listahan
427,ding
428,lagyu
429,ra
430,tuknangan
431,ding
432,manabilin
433,novelang
434,maring
435,bukud
436,kaniti
437,pisasali
438,mi
439,la
440,mu
441,naman
442,ding
443,tutuking
444,aklat
445,pawang
446,gewa
447,na
448,ning
449,gg
450,aurelio
451,tolentino
452,utya
453,daklat
454,kayanakan
455,kasulatang
456,gintu
457,ing
458,buak
459,nang
460,ester
461,mumhnang
462,dake
463,ing
464,buak
465,nang
466,ester
467,kaladuang
468,dake
469,mercado
470,yangco
471,menila
472,kambe
473,ya
474,ing
475,ing
476,alagang
477,atlung
478,pulung
479,centimong
480,pilak
481,giro
482,postal
483,at
484,bitasan
485,dang
486,tanggapan
487,de
488,ing
489,maring
490,atin
491,keng
492,masusing
493,listahan
494,ding
495,lagyu
496,ra
497,tuknangan
498,ding
499,manabilin
500,novelang
501,maring
502,bukud
503,kaniti
504,pisasali
505,mi
506,la
507,mu
508,naman
509,ding
510,tutuking
511,aklat
512,pawang
513,gewa
514,na
515,ning
516,gg
517,aurelio
518,tolentino
519,utya
520,daklat
521,kayanakan
522,kasulatang
523,gintu
524,ing
525,buak
526,nang
527,ester
528,mumhnang
529,dake
530,ing
531,buak
532,nang
533,ester
534,kaladuang
535,dake
536,mercado
537,yangco
538,menila
539,kambe
540,ya
541,ing
542,ing
543,alagang
544,atlung
545,pulung
546,centimong
547,pilak
548,giro
549,postal
550,at
551,bitasan
552,dang
553,tanggapan
554,de
555,ing
556,maring
557,atin
558,keng
559,masusing
560,listahan
561,ding
562,lagyu
563,ra
564,tuknangan
565,ding
566,manabilin
567,novelang
568,maring
569,bukud
570,kaniti
571,pisasali
572,mi
573,la
574,mu
575,naman
576,ding
577,tutuking
578,aklat
579,pawang
580,gewa
581,na
582,ning
583,gg
584,aurelio
585,tolentino
586,utya
587,daklat
588,kayanakan
589,kasulatang
590,gintu
591,ing
592,buak
593,nang
594,ester
595,mumhnang
596,dake
597,ing
598,buak
599,nang
600,ester
601,kaladuang
602,dake
603,mercado
604,yangco
605,menila
606,kambe
607,ya
608,ing
609,ing
610,alagang
611,atlung
612,pulung
613,centimong
614,pilak
615,giro
616,postal
617,at
618,bitasan
619,dang
620,tanggapan
621,de
622,ing
623,maring
624,atin
625,keng
626,masusing
627,listahan
628,ding
629,lagyu
630,ra
631,tuknangan
632,ding
633,manabilin
634,novelang
635,maring
636,bukud
637,kaniti
638,pisasali
639,mi
640,la
641,mu
642,naman
643,ding
644,tutuking
645,aklat
646,pawang
647,gewa
648,na
649,ning
650,gg
651,aurelio
652,tolentino
653,utya
654,daklat
655,kayanakan
656,kasulatang
657,gintu
658,ing
659,buak
660,nang
661,ester
662,mumhnang
663,dake
664,ing
665,buak
666,nang
667,ester
668,kaladuang
669,dake
670,mercado
671,yangco
672,menila
673,kambe
674,ya
675,ing
676,ing
677,alagang
678,atlung
679,pulung
680,centimong
681,pilak
682,giro
683,postal
684,at
685,bitasan
686,dang
687,tanggapan
688,de
689,ing
690,maring
691,atin
692,keng
693,masusing
694,listahan
695,ding
696,lagyu
697,ra
698,tuknangan
699,ding
700,manabilin
701,novelang
702,maring
703,bukud
704,kaniti
705,pisasali
706,mi
707,la
708,mu
709,naman
710,ding
711,tutuking
712,aklat
713,pawang
714,gewa
715,na
716,ning
717,gg
718,aurelio
719,tolentino
720,utya
721,daklat
722,kayanakan
723,kasulatang
724,gintu
725,ing
726,buak
727,nang
728,ester
729,mumhnang
730,dake
731,ing
732,buak
733,nang
734,ester
735,kaladuang
736,dake
737,mercado
738,yangco
739,menila
740,kambe
741,ya
742,ing
743,ing
744,alagang
745,atlung
746,pulung
747,centimong
748,pilak
749,giro
750,postal
751,at
752,bitasan
753,dang
754,tanggapan
755,de
756,ing
757,maring
758,atin
759,keng
760,masusing
761,listahan
762,ding
763,lagyu
764,ra
765,tuknangan
766,ding
767,manabilin
768,novelang
769,maring
770,bukud
771,kaniti
772,pisasali
773,mi
774,la
775,mu
776,naman
777,ding
778,tutuking
779,aklat
780,pawang
781,gewa
782,na
783,ning
784,gg
785,aurelio
786,tolentino
787,utya
788,daklat
789,kayanakan
790,kasulatang
791,gintu
792,ing
793,buak
794,nang
795,ester
796,mumhnang
797,dake
798,ing
799,buak
800,nang
801,ester
802,kaladuang
803,dake
804,mercado
805,yangco
806,menila
807,kambe
808,ya
809,ing
810,ing
811,alagang
812,atlung
813,pulung
814,centimong
815,pilak
816,giro
817,postal
818,at
819,bitasan
820,dang
821,tanggapan
822,de
823,ing
824,maring
825,atin
826,keng
827,masusing
828,listahan
829,ding
830,lagyu
831,ra
832,tuknangan
833,ding
834,manabilin
835,novelang
836,maring
837,bukud
838,kaniti
839,pisasali
840,mi
841,la
842,mu
843,naman
844,ding
845,tutuking
846,aklat
847,pawang
848,gewa
849,na
850,ning
851,gg
852,aurelio
853,tolentino
854,utya
855,daklat
856,kayanakan
857,kasulatang
858,gintu
859,ing
860,buak
861,nang
862,ester
863,mumhnang
864,dake
865,ing
866,buak
867,nang
868,ester
869,kaladuang
870,dake
871,mercado
872,yangco
873,menila
874,kambe
875,ya
876,ing
877,ing
878,alagang
879,atlung
880,pulung
881,centimong
882,pilak
883,giro
884,postal
885,at
886,bitasan
887,dang
888,tanggapan
889,de
890,ing
891,maring
892,atin
893,keng
894,masusing
895,listahan
896,ding
897,lagyu
898,ra
899,tuknangan
900,ding
901,manabilin
902,novelang
903,maring
904,bukud
905,kaniti
906,pisasali
907,mi
908,la
909,mu
910,naman
911,ding
912,tutuking
913,aklat
914,pawang
915,gewa
916,na
917,ning
918,gg
919,aurelio
920,tolentino
921,utya
922,daklat
923,kayanakan
924,kasulatang
925,gintu
926,ing
927,buak
928,nang
929,ester
930,mumhnang
931,dake
932,ing
933,buak
934,nang
935,ester
936,kaladuang
937,dake
938,mercado
939,yangco
940,menila
941,kambe
942,ya
943,ing
944,ing
945,alagang
946,atlung
947,pulung
948,centimong
949,pilak
950,giro
951,postal
952,at
953,bitasan
954,dang
955,tanggapan
956,de
957,ing
958,maring
959,atin
960,keng
961,masusing
962,listahan
963,ding
964,lagyu
965,ra
966,tuknangan
967,ding
968,manabilin
969,novelang
970,maring
971,bukud
972,kaniti
973,pisasali
974,mi
975,la
976,mu
977,naman
978,ding
979,tutuking
980,aklat
981,pawang
982,gewa
983,na
984,ning
985,gg
986,aurelio
987,tolentino
988,utya
989,daklat
990,kayanakan
991,kasulatang
992,gintu
993,ing
994,buak
995,nang
996,ester
997,mumhnang
998,dake
999,ing
1000,buak
1001,nang
1002,ester
1003,kaladuang
1004,dake
1005,mercado
1006,yangco
1007,menila
1008,kambe
1009,ya
1010,ing
1011,ing
1012,alagang
1013,atlung
1014,pulung
1015,centimong
1016,pilak
1017,giro
1018,postal
1019,at
1020,bitasan
1021,dang
1022,tanggapan
1023,de
1024,ing
1025,maring
1026,atin
1027,keng
1028,masusing
1029,listahan
1030,ding
1031,lagyu
1032,ra
1033,tuknangan
1034,ding
1035,manabilin
1036,novelang
1037,maring
1038,bukud
1039,kaniti
1040,pisasali
1041,mi
1042,la
1043,mu
1044,naman
1045,ding
1046,tutuking
1047,aklat
1048,pawang
1049,gewa
1050,na
1051,ning
1052,gg
1053,aurelio
1054,tolentino
1055,utya
1056,daklat
1057,kayanakan
1058,kasulatang
1059,gintu
1060,ing
1061,buak
1062,nang
1063,ester
1064,mumhnang
1065,dake
1066,ing
1067,buak
1068,nang
1069,ester
1070,kaladuang
1071,dake
1072,mercado
1073,yangco
1074,menila
1075,kambe
1076,ya
1077,ing
1078,ing
1079,alagang
1080,atlung
1081,pulung
1082,centimong
1083,pilak
1084,giro
1085,postal
1086,at
1087,bitasan
1088,dang
1089,tanggapan
1090,de
1091,ing
1092,maring
1093,atin
1094,keng
1095,masusing
1096,listahan
1097,ding
1098,lagyu
1099,ra
1100,tuknangan
1101,ding
1102,manabilin
1103,novelang
1104,maring
1105,bukud
1106,kaniti
1107,pisasali
1108,mi
1109,la
1110,mu
1111,naman
1112,ding
1113,tutuking
1114,aklat
1115,pawang
1116,gewa
1117,na
1118,ning
1119,gg
1120,aurelio
1121,tolentino
1122,utya
1123,daklat
1124,kayanakan
1125,kasulatang
1126,gintu
1127,ing
1128,buak
1129,nang
1130,ester
1131,mumhnang
1132,dake
1133,ing
1134,buak
1135,nang
1136,ester
1137,kaladuang
1138,dake
1139,mercado
1140,yangco
1141,menila
1142,kambe
1143,ya
1144,ing
1145,ing
1146,alagang
1147,atlung
1148,pulung
1149,centimong
1150,pilak
1151,giro
1152,postal
1153,at
1154,bitasan
1155,dang
1156,tanggapan
1157,de
1158,ing
1159,maring
1160,atin
1161,keng
1162,masusing
1163,listahan
1164,ding
1165,lagyu
1166,ra
1167,tuknangan
1168,ding
1169,manabilin
1170,novelang
1171,maring
1172,bukud
1173,kaniti
1174,pisasali
1175,mi
1176,la
1177,mu
1178,naman
1179,ding
1180,tutuking
1181,aklat
1182,pawang
1183,gewa
1184,na
1185,ning
1186,gg
1187,aurelio
1188,tolentino
1189,utya
1190,daklat
1191,kayanakan
1192,kasulatang
1193,gintu
1194,ing
1195,buak
1196,nang
1197,ester
1198,mumhnang
1199,dake
1200,ing
1201,buak
1202,nang
1203,ester
1204,kaladuang
1205,dake
1206,mercado
1207,yangco
1208,menila
1209,kambe
1210,ya
1211,ing
1212,ing
1213,alagang
1214,atlung
1215,pulung
1216,centimong
1217,pilak
1218,giro
1219,postal
1220,at
1221,bitasan
1222,dang
1223,tanggapan
1224,de
1225,ing
1226,maring
1227,atin
1228,keng
1229,masusing
1230,listahan
1231,ding
1232,lagyu
1233,ra
1234,tuknangan
1235,ding
1236,manabilin
1237,novelang
1238,maring
1239,bukud
1240,kaniti
1241,pisasali
1242,mi
1243,la
1244,mu
1245,naman
1246,ding
1247,tutuking
1248,aklat
1249,pawang
1250,gewa
1251,na
1252,ning
1253,gg
1254,aurelio
1255,tolentino
1256,utya
1257,daklat
1258,kayanakan
1259,kasulatang
1260,gintu
1261,ing
1262,buak
1263,nang
1264,ester
1265,mumhnang
1266,dake
1267,ing
1268,buak
1269,nang
1270,ester
1271,kaladuang
1272,dake
1273,mercado
1274,yangco
1275,menila
1276,kambe
1277,ya
1278,ing
1279,ing
1280,alagang
1281,atlung
1282,pulung
1283,centimong
1284,pilak
1285,giro
1286,postal
1287,at
1288,bitasan
1289,dang
1290,tanggapan
1291,de
1292,ing
1293,maring
1294,atin
1295,keng
1296,masusing
1297,listahan
1298,ding
1299,lagyu
1300,ra
1301,tuknangan
1302,ding
1303,manabilin
1304,novelang
1305,maring
1306,bukud
1307,kaniti
1308,pisasali
1309,mi
1310,la
1311,mu
1312,naman
1313,ding
1314,tutuking
1315,aklat
1316,pawang
1317,gewa
1318,na
1319,ning
1320,gg
1321,aurelio
1322,tolentino
1323,utya
1324,daklat
1325,kayanakan
1326,kasulatang
1327,gintu
1328,ing
1329,buak
1330,nang
1331,ester
1332,mumhnang
1333,dake
1334,ing
1335,buak
1336,nang
1337,ester
1338,kaladuang
1339,dake
1340,mercado
1341,yangco
1342,menila
1343,kambe
1344,ya
1345,ing
1346,ing
1347,alagang
1348,atlung
1349,pulung
1350,centimong
1351,pilak
1352,giro
1353,postal
1354,at
1355,bitasan
1356,dang
1357,tanggapan
1358,de
1359,ing
1360,maring
1361,atin
1362,keng
1363,masusing
1364,listahan
1365,ding
1366,lagyu
1367,ra
1368,tuknangan
1369,ding
1370,manabilin
1371,novelang
1372,maring
1373,bukud
1374,kaniti
1375,pisasali
1376,mi
1377,la
1378,mu
1379,naman
1380,ding
1381,tutuking
1382,aklat
1383,pawang
1384,gewa
1385,na
1386,ning
1387,gg
1388,aurelio
1389,tolentino
1390,utya
1391,daklat
1392,kayanakan
1393,kasulatang
1394,gintu
1395,ing
1396,buak
1397,nang
1398,ester
1399,mumhnang
1400,dake
1401,ing
1402,buak
1403,nang
1404,ester
1405,kaladuang
1406,dake
1407,mercado
1408,yangco
1409,menila
1410,kambe
1411,ya
1412,ing
1413,ing
1414,alagang
1415,atlung
1416,pulung
1417,centimong
1418,pilak
1419,giro
1420,postal
1421,at
1422,bitasan
1423,dang
1424,tanggapan
1425,de
1426,ing
1427,maring
1428,atin
1429,keng
1430,masusing
1431,listahan
1432,ding
1433,lagyu
1434,ra
1435,tuknangan
1436,ding
1437,manabilin
1438,novelang
1439,maring
1440,bukud
1441,kaniti
1442,pisasali
1443,mi
1444,la
1445,mu
1446,naman
1447,ding
1448,tutuking
1449,aklat
1450,pawang
1451,gewa
1452,na
1453,ning
1454,gg
1455,aurelio
1456,tolentino
1457,utya
1458,daklat
1459,kayanakan
1460,kasulatang
1461,gintu
1462,ing
1463,buak
1464,nang
1465,ester
1466,mumhnang
1467,dake
1468,ing
1469,buak
1470,nang
1471,ester
1472,kaladuang
1473,dake
1474,mercado
1475,yangco
1476,menila
1477,kambe
1478,ya
1479,ing
1480,ing
1481,alagang
1482,atlung
1483,pulung
1484,centimong
1485,pilak
1486,giro
1487,postal
1488,at
1489,bitasan
1490,dang
1491,tanggapan
1492,de
1493,ing
1494,maring
1495,atin
1496,keng
1497,masusing
1498,listahan
1499,ding
1500,lagyu
1501,ra
1502,tuknangan
1503,ding
1504,manabilin
1505,novelang
1506,maring
1507,bukud
1508,kaniti
1509,pisasali
1510,mi
1511,la
1512,mu
1513,naman
1514,ding
1515,tutuking
1516,aklat
1517,pawang
1518,gewa
1519,na
1520,ning
1521,gg
1522,aurelio
1523,tolentino
1524,utya
1525,daklat
1526,kayanakan
1527,kasulatang
1528,gintu
1529,ing
1530,buak
1531,nang
1532,ester
1533,mumhnang
1534,dake
1535,ing
1536,buak
1537,nang
1538,ester
1539,kaladuang
1540,dake
1541,mercado
1542,yangco
1543,menila
1544,kambe
1545,ya
1546,ing
1547,ing
1548,alagang
1549,atlung
1550,pulung
1551,centimong
1552,pilak
1553,giro
1554,postal
1555,at
1556,bitasan
1557,dang
1558,tanggapan
1559,de
1560,ing
1561,maring
1562,atin
1563,keng
1564,masusing
1565,listahan
1566,ding
1567,lagyu
1568,ra
1569,tuknangan
1570,ding
1571,manabilin
1572,novelang
1573,maring
1574,bukud
1575,kaniti
1576,pisasali
1577,mi
1578,la
1579,mu
1580,naman
1581,ding
1582,tutuking
1583,aklat
1584,pawang
1585,gewa
1586,na
1587,ning
1588,gg
1589,aurelio
1590,tolentino
1591,utya
1592,daklat
1593,kayanakan
1594,kasulatang
1595,gintu
1596,ing
1597,buak
1598,nang
1599,ester
1600,mumhnang
1601,dake
1602,ing
1603,buak
1604,nang
1605,ester
1606,kaladuang
1607,dake
1608,mercado
1609,yangco
1610,menila
1611,kambe
1612,ya
1613,ing
1614,ing
1615,alagang
1616,atlung
1617,pulung
1618,centimong
1619,pilak
1620,giro
1621,postal
1622,at
1623,bitasan
1624,dang
1625,tanggapan
1626,de
1627,ing
1628,maring
1629,atin
1630,keng
1631,masusing
1632,listahan
1633,ding
1634,lagyu
1635,ra
1636,tuknangan
1637,ding
1638,manabilin
1639,novelang
1640,maring
1641,bukud
1642,kaniti
1643,pisasali
1644,mi
1645,la
1646,mu
1647,naman
1648,ding
1649,tutuking
1650,aklat
1651,pawang
1652,gewa
1653,na
1654,ning
1655,gg
1656,aurelio
1657,tolentino
1658,utya
1659,daklat
1660,kayanakan
1661,kasulatang
1662,gintu
1663,ing
1664,buak
1665,nang
1666,ester
1667,mumhnang
1668,dake
1669,ing
1670,buak
1671,nang
1672,ester
1673,kaladuang
1674,dake
1675,mercado
1676,yangco
1677,menila
1678,kambe
1679,ya
1680,ing
1681,ing
1682,alagang
1683,atlung
1684,pulung
1685,centimong
1686,pilak
1687,giro
1688,postal
1689,at
1690,bitasan
1691,dang
1692,tanggapan
1693,de
1694,ing
1695,maring
1696,atin
1697,keng
1698,masusing
1699,listahan
1700,ding
1701,lagyu
1702,ra
1703,tuknangan
1704,ding
1705,manabilin
1706,novelang
1707,maring
1708,bukud
1709,kaniti
1710,pisasali
1711,mi
1712,la
1713,mu
1714,naman
1715,ding
1716,tutuking
1717,aklat
1718,pawang
1719,gewa
1720,na
1721,ning
1722,gg
1723,aurelio
1724,tolentino
1725,utya
1726,daklat
1727,kayanakan
1728,kasulatang
1729,gintu
1730,ing
1731,buak
1732,nang
1733,ester
1734,mumhnang
1735,dake
1736,ing
1737,buak
1738,nang
1739,ester
1740,kaladuang
1741,dake
1742,mercado
1743,yangco
1744,menila
1745,kambe
1746,ya
1747,ing
1748,ing
1749,alagang
1750,atlung
1751,pulung
1752,centimong
1753,pilak
1754,giro
1755,postal
1756,at
1757,bitasan
1758,dang
1759,tanggapan
1760,de
1761,ing
1762,maring
1763,atin
1764,keng
1765,masusing
1766,listahan
1767,ding
1768,lagyu
1769,ra
1770,tuknangan
1771,ding
1772,manabilin
1773,novelang
1774,maring
1775,bukud
1776,kaniti
1777,pisasali
1778,mi
1779,la
1780,mu
1781,naman
1782,ding
1783,tutuking
1784,aklat
1785,pawang
1786,gewa
1787,na
1788,ning
1789,gg
1790,aurelio
1791,tolentino
1792,utya
1793,daklat
1794,kayanakan
1795,kasulatang
1796,gintu
1797,ing
1798,buak
1799,nang
1800,ester
1801,mumhnang
1802,dake
1803,ing
1804,buak
1805,nang
1806,ester
1807,kaladuang
1808,dake
1809,mercado
1810,yangco
1811,menila
1812,kambe
1813,ya
1814,ing
1815,ing
1816,alagang
1817,atlung
1818,pulung
1819,centimong
1820,pilak
1821,giro
1822,postal
1823,at
1824,bitasan
1825,dang
1826,tanggapan
1827,de
1828,ing
1829,maring
1830,atin
1831,keng
1832,masusing
1833,listahan
1834,ding
1835,lagyu
1836,ra
1837,tuknangan
1838,ding
1839,manabilin
1840,novelang
1841,maring
1842,bukud
1843,kaniti
1844,pisasali
1845,mi
1846,la
1847,mu
1848,naman
1849,ding
1850,tutuking
1851,aklat
1852,pawang
1853,gewa
1854,na
1855,ning
1856,gg
1857,aurelio
1858,tolentino
1859,utya
1860,daklat
1861,kayanakan
1862,kasulatang
1863,gintu
1864,ing
1865,buak
1866,nang
1867,ester
1868,mumhnang
1869,dake
1870,ing
1871,buak
1872,nang
1873,ester
1874,kaladuang
1875,dake
1876,mercado
1877,yangco
1878,menila
1879,kambe
1880,ya
1881,ing
1882,ing
1883,alagang
1884,atlung
1885,pulung
1886,centimong
1887,pilak
1888,giro
1889,postal
1890,at
1891,bitasan
1892,dang
1893,tanggapan
1894,de
1895,ing
1896,maring
1897,atin
1898,keng
1899,masusing
1900,listahan
1901,ding
1902,lagyu
1903,ra
1904,tuknangan
1905,ding
1906,manabilin
1907,novelang
1908,maring
1909,bukud
1910,kaniti
1911,pisasali
1912,mi
1913,la
1914,mu
1915,naman
1916,ding
1917,tutuking
1918,aklat
1919,pawang
1920,gewa
1921,na
1922,ning
1923,gg
1924,aurelio
1925,tolentino
1926,utya
1927,daklat
1928,kayanakan
1929,kasulatang
1930,gintu
1931,ing
1932,buak
1933,nang
1934,ester
1935,mumhnang
1936,dake
1937,ing
1938,buak
1939,nang
1940,ester
1941,kaladuang
1942,dake
1943,mercado
1944,yangco
1945,menila
1946,kambe
1947,ya
1948,ing
1949,ing
1950,alagang
1951,atlung
1952,pulung
1953,centimong
1954,pilak
1955,giro
1956,postal
1957,at
1958,bitasan
1959,dang
1960,tanggapan
1961,de
1962,ing
1963,maring
1964,atin
1965,keng
1966,masusing
1967,listahan
1968,ding
1969,lagyu
1970,ra
1971,tuknangan
1972,ding
1973,manabilin
1974,novelang
1975,maring
1976,bukud
1977,kaniti
1978,pisasali
1979,mi
1980,la
1981,mu
1982,naman
1983,ding
1984,tutuking
1985,aklat
1986,pawang
1987,gewa
1988,na
1989,ning
1990,gg
1991,aurelio
1992,tolentino
1993,utya
1994,daklat
1995,kayanakan
1996,kasulatang
1997,gintu
1998,ing
1999,buak
2000,nang
2001,ester
2002,mumhnang
2003,dake
2004,ing
2005,buak
2006,nang
2007,ester
2008,kaladuang
2009,dake
2010,mercado
2011,yangco
2012,menila
2013,kambe
2014,ya
2015,ing
2016,ing
2017,alagang
2018,atlung
2019,pulung
2020,centimong
2021,pilak
2022,giro
2023,postal
2024,at
2025,bitasan
2026,dang
2027,tanggapan
2028,de
2029,ing
2030,maring
2031,atin
2032,keng
2033,masusing
2034,listahan
2035,ding
2036,lagyu
2037,ra
2038,tuknangan
2039,ding
2040,manabilin
2041,novelang
2042,maring
2043,bukud
2044,kaniti
2045,pisasali
2046,mi
2047,la
2048,mu
2049,naman
2050,ding
2051,tutuking
2052,aklat
2053,pawang
2054,gewa
2055,na
2056,ning
2057,gg
2058,aurelio
2059,tolentino
2060,utya
2061,daklat
2062,kayanakan
2063,kasulatang
2064,gintu
2065,ing
2066,buak
2067,nang
2068,ester
2069,mumhnang
2070,dake
2071,ing
2072,buak
2073,nang
2074,ester
2075,kaladuang
2076,dake
2077,mercado
2078,yangco
2079,menila
2080,kambe
2081,ya
2082,ing
2083,ing
2084,alagang
2085,atlung
2086,pulung
2087,centimong
2088,pilak
2089,giro
2090,postal
2091,at
2092,bitasan
2093,dang
2094,tanggapan
2095,de
2096,ing
2097,maring
2098,atin
2099,keng
2100,masusing
2101,listahan
2102,ding
2103,lagyu
2104,ra
2105,tuknangan
2106,ding
2107,manabilin
2108,novelang
2109,maring
2110,bukud
2111,kaniti
2112,pisasali
2113,mi
2114,la
2115,mu
2116,naman
2117,ding
2118,tutuking
2119,aklat
2120,pawang
2121,gewa
2122,na
2123,ning
2124,gg
2125,aurelio
2126,tolentino
2127,utya
2128,daklat
2129,kayanakan
2130,kasulatang
2131,gintu
2132,ing
2133,buak
2134,nang
2135,ester
2136,mumhnang
2137,dake
2138,ing
2139,buak
2140,nang
2141,ester
2142,kaladuang
2143,dake
2144,mercado
2145,yangco
2146,menila
2147,kambe
2148,ya
2149,ing
2150,ing
2151,alagang
2152,atlung
2153,pulung
2154,centimong
2155,pilak
2156,giro
2157,postal
2158,at
2159,bitasan
2160,dang
2161,tanggapan
2162,de
2163,ing
2164,maring
2165,atin
2166,keng
2167,masusing
2168,listahan
2169,ding
2170,lagyu
2171,ra
2172,tuknangan
2173,ding
2174,manabilin
2175,novelang
2176,maring
2177,bukud
2178,kaniti
2179,pisasali
2180,mi
2181,la
2182,mu
2183,naman
2184,ding
2185,tutuking
2186,aklat
2187,pawang
2188,gewa
2189,na
2190,ning
2191,gg
2192,aurelio
2193,tolentino
2194,utya
2195,daklat
2196,kayanakan
2197,kasulatang
2198,gintu
2199,ing
2200,buak
2201,nang
2202,ester
2203,mumhnang
2204,dake
2205,ing
2206,buak
2207,nang
2208,ester
2209,kaladuang
2210,dake
2211,mercado
2212,yangco
2213,menila
2214,kambe
2215,ya
2216,ing
2217,ing
2218,alagang
2219,atlung
2220,pulung
2221,centimong
2222,pilak
2223,giro
2224,postal
2225,at
2226,bitasan
2227,dang
2228,tanggapan
2229,de
2230,ing
2231,maring
2232,atin
2233,keng
2234,masusing
2235,listahan
2236,ding
2237,lagyu
2238,ra
2239,tuknangan
2240,ding
2241,manabilin
2242,novelang
2243,maring
2244,bukud
2245,kaniti
2246,pisasali
2247,mi
2248,la
2249,mu
2250,naman
2251,ding
2252,tutuking
2253,aklat
2254,pawang
2255,gewa
2256,na
2257,ning
2258,gg
2259,aurelio
2260,tolentino
2261,utya
2262,daklat
2263,kayanakan
2264,kasulatang
2265,gintu
2266,ing
2267,buak
2268,nang
2269,ester
2270,mumhnang
2271,dake
2272,ing
2273,buak
2274,nang
2275,ester
2276,kaladuang
2277,dake
2278,mercado
2279,yangco
2280,menila
2281,kambe
2282,ya
2283,ing
2284,ing
2285,alagang
2286,atlung
2287,pulung
2288,centimong
2289,pilak
2290,giro
2291,postal
2292,at
2293,bitasan
2294,dang
2295,tanggapan
2296,de
2297,ing
2298,maring
2299,atin
2300,keng
2301,masusing
2302,listahan
2303,ding
2304,lagyu
2305,ra
2306,tuknangan
2307,ding
2308,manabilin
2309,novelang
2310,maring
2311,bukud
2312,kaniti
2313,pisasali
2314,mi
2315,la
2316,mu
2317,naman
2318,ding
2319,tutuking
2320,aklat
2321,pawang
2322,gewa
2323,na
2324,ning
2325,gg
2326,aurelio
2327,tolentino
2328,utya
2329,daklat
2330,kayanakan
2331,kasulatang
2332,gintu
2333,ing
2334,buak
2335,nang
2336,ester
2337,mumhnang
2338,dake
2339,ing
2340,buak
2341,nang
2342,ester
2343,kaladuang
2344,dake
2345,mercado
2346,yangco
2347,menila
2348,kambe
2349,ya
2350,ing
2351,ing
2352,alagang
2353,atlung
2354,pulung
2355,centimong
2356,pilak
2357,giro
2358,postal
2359,at
2360,bitasan
2361,dang
2362,tanggapan
2363,de
2364,ing
2365,maring
2366,atin
2367,keng
2368,masusing
2369,listahan
2370,ding
2371,lagyu
2372,ra
2373,tuknangan
2374,ding
2375,manabilin
2376,novelang
2377,maring
2378,bukud
2379,kaniti
2380,pisasali
2381,mi
2382,la
2383,mu
2384,naman
2385,ding
2386,tutuking
2387,aklat
2388,pawang
2389,gewa
2390,na
2391,ning
2392,gg
2393,aurelio
2394,tolentino
2395,utya
2396,daklat
2397,kayanakan
2398,kasulatang
2399,gintu
2400,ing
2401,buak
2402,nang
2403,ester
2404,mumhnang
2405,dake
2406,ing
2407,buak
2408,nang
2409,ester
2410,kaladuang
2411,dake
2412,mercado
2413,yangco
2414,menila
2415,kambe
2416,ya
2417,ing
2418,ing
2419,alagang
2420,atlung
2421,pulung
2422,centimong
2423,pilak
2424,giro
2425,postal
2426,at
2427,bitasan
2428,dang
2429,tanggapan
2430,de
2431,ing
2432,maring
2433,atin
2434,keng
2435,masusing
2436,listahan
2437,ding
2438,lagyu
2439,ra
2440,tuknangan
2441,ding
2442,manabilin
2443,novelang
2444,maring
2445,bukud
2446,kaniti
2447,pisasali
2448,mi
2449,la
2450,mu
2451,naman
2452,ding
2453,tutuking
2454,aklat
2455,pawang
2456,gewa
2457,na
2458,ning
2459,gg
2460,aurelio
2461,tolentino
2462,utya
2463,daklat
2464,kayanakan
2465,kasulatang
2466,gintu
2467,ing
2468,buak
2469,nang
2470,ester
2471,mumhnang
2472,dake
2473,ing
2474,buak
2475,nang
2476,ester
2477,kaladuang
2478,dake
2479,mercado
2480,yangco
2481,menila
2482,kambe
2483,ya
2484,ing
2485,ing
2486,alagang
2487,atlung
2488,pulung
2489,centimong
2490,pilak
2491,giro
2492,postal
2493,at
2494,bitasan
2495,dang
2496,tanggapan
2497,de
2498,ing
2499,maring
2500,atin
2501,keng
2502,masusing
2503,listahan
2504,ding
2505,lagyu
2506,ra
2507,tuknangan
2508,ding
2509,manabilin
2510,novelang
2511,maring
2512,bukud
2513,kaniti
2514,pisasali
2515,mi
2516,la
2517,mu
2518,naman
2519,ding
2520,tutuking
2521,aklat
2522,pawang
2523,gewa
2524,na
2525,ning
2526,gg
2527,aurelio
2528,tolentino
2529,utya
2530,daklat
2531,kayanakan
2532,kasulatang
2533,gintu
2534,ing
2535,buak
2536,nang
2537,ester
2538,mumhnang
2539,dake
2540,ing
2541,buak
2542,nang
2543,ester
2544,kaladuang
2545,dake
2546,mercado
2547,yangco
2548,menila
2549,kambe
2550,ya
2551,ing
2552,ing
2553,alagang
2554,atlung
2555,pulung
2556,centimong
2557,pilak
2558,giro
2559,postal
2560,at
2561,bitasan
2562,dang
2563,tanggapan
2564,de
2565,ing
2566,maring
2567,atin
2568,keng
2569,masusing
2570,listahan
2571,ding
2572,lagyu
2573,ra
2574,tuknangan
2575,ding
2576,manabilin
2577,novelang
2578,maring
2579,bukud
2580,kaniti
2581,pisasali
2582,mi
2583,la
2584,mu
2585,naman
2586,ding
2587,tutuking
2588,aklat
2589,pawang
2590,gewa
2591,na
2592,ning
2593,gg
2594,aurelio
2595,tolentino
2596,utya
2597,daklat
2598,kayanakan
2599,kasulatang
2600,gintu
2601,ing
2602,buak
2603,nang
2604,ester
2605,mumhnang
2606,dake
2607,ing
2608,buak
2609,nang
2610,ester
2611,kaladuang
2612,dake
2613,mercado
2614,yangco
2615,menila
2616,kambe
2617,ya
2618,ing
2619,ing
2620,alagang
2621,atlung
2622,pulung
2623,centimong
2624,pilak
2625,giro
2626,postal
2627,at
2628,bitasan
2629,dang
2630,tanggapan
2631,de
2632,ing
2633,maring
2634,atin
2635,keng
2636,masusing
2637,listahan
2638,ding
2639,lagyu
2640,ra
2641,tuknangan
2642,ding
2643,manabilin
2644,novelang
2645,maring
2646,bukud
2647,kaniti
2648,pisasali
2649,mi
2650,la
2651,mu
2652,naman
2653,ding
2654,tutuking
2655,aklat
2656,pawang
2657,gewa
2658,na
2659,ning
2660,gg
2661,aurelio
2662,tolentino
2663,utya
2664,daklat
2665,kayanakan
2666,kasulatang
2667,gintu
2668,ing
2669,buak
2670,nang
2671,ester
2672,mumhnang
2673,dake
2674,ing
2675,buak
2676,nang
2677,ester
2678,kaladuang
2679,dake
2680,mercado
2681,yangco
2682,menila
2683,kambe
2684,ya
2685,ing
2686,ing
2687,alagang
2688,atlung
2689,pulung
2690,centimong
2691,pilak
2692,giro
2693,postal
2694,at
2695,bitasan
2696,dang
2697,tanggapan
2698,de
2699,ing
2700,maring
2701,atin
2702,keng
2703,masusing
2704,listahan
2705,ding
2706,lagyu
2707,ra
2708,tuknangan
2709,ding
2710,manabilin
2711,novelang
2712,maring
2713,bukud
2714,kaniti
2715,pisasali
2716,mi
2717,la
2718,mu
2719,naman
2720,ding
2721,tutuking
2722,aklat
2723,pawang
2724,gewa
2725,na
2726,ning
2727,gg
2728,aurelio
2729,tolentino
2730,utya
2731,daklat
2732,kayanakan
2733,kasulatang
2734,gintu
2735,ing
2736,buak
2737,nang
2738,ester
2739,mumhnang
2740,dake
2741,ing
2742,buak
2743,nang
2744,ester
2745,kaladuang
2746,dake
2747,mercado
2748,yangco
2749,menila
2750,kambe
2751,ya
2752,ing
2753,ing
2754,alagang
2755,atlung
2756,pulung
2757,centimong
2758,pilak
2759,giro
2760,postal
2761,at
2762,bitasan
2763,dang
2764,tanggapan
2765,de
2766,ing
2767,maring
2768,atin
2769,keng
2770,masusing
2771,listahan
2772,ding
2773,lagyu
2774,ra
2775,tuknangan
2776,ding
2777,manabilin
2778,novelang
2779,maring
2780,bukud
2781,kaniti
2782,pisasali
2783,mi
2784,la
2785,mu
2786,naman
2787,ding
2788,tutuking
2789,aklat
2790,pawang
2791,gewa
2792,na
2793,ning
2794,gg
2795,aurelio
2796,tolentino
2797,utya
2798,daklat
2799,kayanakan
2800,kasulatang
2801,gintu
2802,ing
2803,buak
2804,nang
2805,ester
2806,mumhnang
2807,dake
2808,ing
2809,buak
2810,nang
2811,ester
2812,kaladuang
2813,dake
2814,mercado
2815,yangco
2816,menila
2817,kambe
2818,ya
2819,ing
2820,ing
2821,alagang
2822,atlung
2823,pulung
2824,centimong
2825,pilak
2826,giro
2827,postal
2828,at
2829,bitasan
2830,dang
2831,tanggapan
2832,de
2833,ing
2834,maring
2835,atin
2836,keng
2837,masusing
2838,listahan
2839,ding
2840,lagyu
2841,ra
2842,tuknangan
2843,ding
2844,manabilin
2845,novelang
2846,maring
2847,bukud
2848,kaniti
2849,pisasali
2850,mi
2851,la
2852,mu
2853,naman
2854,ding
2855,tutuking
2856,aklat
2857,pawang
2858,gewa
2859,na
2860,ning
2861,gg
2862,aurelio
2863,tolentino
2864,utya
2865,daklat
2866,kayanakan
2867,kasulatang
2868,gintu
2869,ing
2870,buak
2871,nang
2872,ester
2873,mumhnang
2874,dake
2875,ing
2876,buak
2877,nang
2878,ester
2879,kaladuang
2880,dake
2881,mercado
2882,yangco
2883,menila
2884,kambe
2885,ya
2886,ing
2887,ing
2888,alagang
2889,atlung
2890,pulung
2891,centimong
2892,pilak
2893,giro
2894,postal
2895,at
2896,bitasan
2897,dang
2898,tanggapan
2899,de
2900,ing
2901,maring
2902,atin
2903,keng
2904,masusing
2905,listahan
2906,ding
2907,lagyu
2908,ra
2909,tuknangan
2910,ding
2911,manabilin
2912,novelang
2913,maring
2914,bukud
2915,kaniti
2916,pisasali
2917,mi
2918,la
2919,mu
2920,naman
2921,ding
2922,tutuking
2923,aklat
2924,pawang
2925,gewa
2926,na
2927,ning
2928,gg
2929,aurelio
2930,tolentino
2931,utya
2932,daklat
2933,kayanakan
2934,kasulatang
2935,gintu
2936,ing
2937,buak
2938,nang
2939,ester
2940,mumhnang
2941,dake
2942,ing
2943,buak
2944,nang
2945,ester
2946,kaladuang
2947,dake
2948,mercado
2949,yangco
2950,menila
2951,kambe
2952,ya
2953,ing
2954,ing
2955,alagang
2956,atlung
2957,pulung
2958,centimong
2959,pilak
2960,giro
2961,postal
2962,at
2963,bitasan
2964,dang
2965,tanggapan
2966,de
2967,ing
2968,maring
2969,atin
2970,keng
2971,masusing
2972,listahan
2973,ding
2974,lagyu
2975,ra
2976,tuknangan
2977,ding
2978,manabilin
2979,novelang
2980,maring
2981,bukud
2982,kaniti
2983,pisasali
2984,mi
2985,la
2986,mu
2987,naman
2988,ding
2989,tutuking
2990,aklat
2991,pawang
2992,gewa
2993,na
2994,ning
2995,gg
2996,aurelio
2997,tolentino
2998,utya
2999,daklat
3000,kayanakan
3001,kasulatang
3002,gintu
3003,ing
3004,buak
3005,nang
3006,ester
3007,mumhnang
3008,dake
3009,ing
3010,buak
3011,nang
3012,ester
3013,kaladuang
3014,dake
3015,mercado
3016,yangco
3017,menila
3018,kambe
3019,ya
3020,ing
3021,ing
3022,alagang
3023,atlung
3024,pulung
3025,centimong
3026,pilak
3027,giro
3028,postal
3029,at
3030,bitasan
3031,dang
3032,tanggapan
3033,de
3034,ing
3035,maring
3036,atin
3037,keng
3038,masusing
3039,listahan
3040,ding
3041,lagyu
3042,ra
3043,tuknangan
3044,ding
3045,manabilin
3046,novelang
3047,maring
3048,bukud
3049,kaniti
3050,pisasali
3051,mi
3052,la
3053,mu
3054,naman
3055,ding
3056,tutuking
3057,aklat
3058,pawang
3059,gewa
3060,na
3061,ning
3062,gg
3063,aurelio
3064,tolentino
3065,utya
3066,daklat
3067,kayanakan
3068,kasulatang
3069,gintu
3070,ing
3071,buak
3072,nang
3073,ester
3074,mumhnang
3075,dake
3076,ing
3077,buak
3078,nang
3079,ester
3080,kaladuang
3081,dake
3082,mercado
3083,yangco
3084,menila
3085,kambe
3086,ya
3087,ing
3088,ing
3089,alagang
3090,atlung
3091,pulung
3092,centimong
3093,pilak
3094,giro
3095,postal
3096,at
3097,bitasan
3098,dang
3099,tanggapan
3100,de
3101,ing
3102,maring
3103,atin
3104,keng
3105,masusing
3106,listahan
3107,ding
3108,lagyu
3109,ra
3110,tuknangan
3111,ding
3112,manabilin
3113,novelang
3114,maring
3115,bukud
3116,kaniti
3117,pisasali
3118,mi
3119,la
3120,mu
3121,naman
3122,ding
3123,tutuking
3124,aklat
3125,pawang
3126,gewa
3127,na
3128,ning
3129,gg
3130,aurelio
3131,tolentino
3132,utya
3133,daklat
3134,kayanakan
3135,kasulatang
3136,gintu
3137,ing
3138,buak
3139,nang
3140,ester
3141,mumhnang
3142,dake
3143,ing
3144,buak
3145,nang
3146,ester
3147,kaladuang
3148,dake
3149,mercado
3150,yangco
3151,menila
3152,kambe
3153,ya
3154,ing
3155,ing
3156,alagang
3157,atlung
3158,pulung
3159,centimong
3160,pilak
3161,giro
3162,postal
3163,at
3164,bitasan
3165,dang
3166,tanggapan
3167,de
3168,ing
3169,maring
3170,atin
3171,keng
3172,masusing
3173,listahan
3174,ding
3175,lagyu
3176,ra
3177,tuknangan
3178,ding
3179,manabilin
3180,novelang
3181,maring
3182,bukud
3183,kaniti
3184,pisasali
3185,mi
3186,la
3187,mu
3188,naman
3189,ding
3190,tutuking
3191,aklat
3192,pawang
3193,gewa
3194,na
3195,ning
3196,gg
3197,aurelio
3198,tolentino
3199,utya
3200,daklat
3201,kayanakan
3202,kasulatang
3203,gintu
3204,ing
3205,buak
3206,nang
3207,ester
3208,mumhnang
3209,dake
3210,ing
3211,buak
3212,nang
3213,ester
3214,kaladuang
3215,dake
3216,mercado
3217,yangco
3218,menila
3219,kambe
3220,ya
3221,ing
3222,ing
3223,alagang
3224,atlung
3225,pulung
3226,centimong
3227,pilak
3228,giro
3229,postal
3230,at
3231,bitasan
3232,dang
3233,tanggapan
3234,de
3235,ing
3236,maring
3237,atin
3238,keng
3239,masusing
3240,listahan
3241,ding
3242,lagyu
3243,ra
3244,tuknangan
3245,ding
3246,manabilin
3247,novelang
3248,maring
3249,bukud
3250,kaniti
3251,pisasali
3252,mi
3253,la
3254,mu
3255,naman
3256,ding
3257,tutuking
3258,aklat
3259,pawang
3260,gewa
3261,na
3262,ning
3263,gg
3264,aurelio
3265,tolentino
3266,utya
3267,daklat
3268,kayanakan
3269,kasulatang
3270,gintu
3271,ing
3272,buak
3273,nang
3274,ester
3275,mumhnang
3276,dake
3277,ing
3278,buak
3279,nang
3280,ester
3281,kaladuang
3282,dake
3283,mercado
3284,yangco
3285,menila
3286,kambe
3287,ya
3288,ing
3289,ing
3290,alagang
3291,atlung
3292,pulung
3293,centimong
3294,pilak
3295,giro
3296,postal
3297,at
3298,bitasan
3299,dang
3300,tanggapan
3301,de
3302,ing
3303,maring
3304,atin
3305,keng
3306,masusing
3307,listahan
3308,ding
3309,lagyu
3310,ra
3311,tuknangan
3312,ding
3313,manabilin
3314,novelang
3315,maring
3316,bukud
3317,kaniti
3318,pisasali
3319,mi
3320,la
3321,mu
3322,naman
3323,ding
3324,tutuking
3325,aklat
3326,pawang
3327,gewa
3328,na
3329,ning
3330,gg
3331,aurelio
3332,tolentino
3333,utya
3334,daklat
3335,kayanakan
3336,kasulatang
3337,gintu
3338,ing
3339,buak
3340,nang
3341,ester
3342,mumhnang
3343,dake
3344,ing
3345,buak
3346,nang
3347,ester
3348,kaladuang
3349,dake
3350,mercado
3351,yangco
3352,menila
3353,kambe
3354,ya
3355,ing
3356,ing
3357,alagang
3358,atlung
3359,pulung
3360,centimong
3361,pilak
3362,giro
3363,postal
3364,at
3365,bitasan
3366,dang
3367,tanggapan
3368,de
3369,ing
3370,maring
3371,atin
3372,keng
3373,masusing
3374,listahan
3375,ding
3376,lagyu
3377,ra
3378,tuknangan
3379,ding
3380,manabilin
3381,novelang
3382,maring
3383,bukud
3384,kaniti
3385,pisasali
3386,mi
3387,la
3388,mu
3389,naman
3390,ding
3391,tutuking
3392,aklat
3393,pawang
3394,gewa
3395,na
3396,ning
3397,gg
3398,aurelio
3399,tolentino
3400,utya
3401,daklat
3402,kayanakan
3403,kasulatang
3404,gintu
3405,ing
3406,buak
3407,nang
3408,ester
3409,mumhnang
3410,dake
3411,ing
3412,buak
3413,nang
3414,ester
3415,kaladuang
3416,dake
3417,mercado
3418,yangco
3419,menila
3420,kambe
3421,ya
3422,ing
3423,ing
3424,alagang
3425,atlung
3426,pulung
3427,centimong
3428,pilak
3429,giro
3430,postal
3431,at
3432,bitasan
3433,dang
3434,tanggapan
3435,de
3436,ing
3437,maring
3438,atin
3439,keng
3440,masusing
3441,listahan
3442,ding
3443,lagyu
3444,ra
3445,tuknangan
3446,ding
3447,manabilin
3448,novelang
3449,maring
3450,bukud
3451,kaniti
3452,pisasali
3453,mi
3454,la
3455,mu
3456,naman
3457,ding
3458,tutuking
3459,aklat
3460,pawang
3461,gewa
3462,na
3463,ning
3464,gg
3465,aurelio
3466,tolentino
3467,utya
3468,daklat
3469,kayanakan
3470,kasulatang
3471,gintu
3472,ing
3473,buak
3474,nang
3475,ester
3476,mumhnang
3477,dake
3478,ing
3479,buak
3480,nang
3481,ester
3482,kaladuang
3483,dake
3484,mercado
3485,yangco
3486,menila
3487,kambe
3488,ya
3489,ing
3490,ing
3491,alagang
3492,atlung
3493,pulung
3494,centimong
3495,pilak
3496,giro
3497,postal
3498,at
3499,bitasan
3500,dang
3501,tanggapan
3502,de
3503,ing
3504,maring
3505,atin
3506,keng
3507,masusing
3508,listahan
3509,ding
3510,lagyu
3511,ra
3512,tuknangan
3513,ding
3514,manabilin
3515,novelang
3516,maring
3517,bukud
3518,kaniti
3519,pisasali
3520,mi
3521,la
3522,mu
3523,naman
3524,ding
3525,tutuking
3526,aklat
3527,pawang
3528,gewa
3529,na
3530,ning
3531,gg
3532,aurelio
3533,tolentino
3534,utya
3535,daklat
3536,kayanakan
3537,kasulatang
3538,gintu
3539,ing
3540,buak
3541,nang
3542,ester
3543,mumhnang
3544,dake
3545,ing
3546,buak
3547,nang
3548,ester
3549,kaladuang
3550,dake
3551,mercado
3552,yangco
3553,menila
3554,kambe
3555,ya
3556,ing
3557,ing
3558,alagang
3559,atlung
3560,pulung
3561,centimong
3562,pilak
3563,giro
3564,postal
3565,at
3566,bitasan
3567,dang
3568,tanggapan
3569,de
3570,ing
3571,maring
3572,atin
3573,keng
3574,masusing
3575,listahan
3576,ding
3577,lagyu
3578,ra
3579,tuknangan
3580,ding
3581,manabilin
3582,novelang
3583,maring
3584,bukud
3585,kaniti
3586,pisasali
3587,mi
3588,la
3589,mu
3590,naman
3591,ding
3592,tutuking
3593,aklat
3594,pawang
3595,gewa
3596,na
3597,ning
3598,gg
3599,aurelio
3600,tolentino
3601,utya
3602,daklat
3603,kayanakan
3604,kasulatang
3605,gintu
3606,ing
3607,buak
3608,nang
3609,ester
3610,mumhnang
3611,dake
3612,ing
3613,buak
3614,nang
3615,ester
3616,kaladuang
3617,dake
3618,mercado
3619,yangco
3620,menila
3621,kambe
3622,ya
3623,ing
3624,ing
3625,alagang
3626,atlung
3627,pulung
3628,centimong
3629,pilak
3630,giro
3631,postal
3632,at
3633,bitasan
3634,dang
3635,tanggapan
3636,de
3637,ing
3638,maring
3639,atin
3640,keng
3641,masusing
3642,listahan
3643,ding
3644,lagyu
3645,ra
3646,tuknangan
3647,ding
3648,manabilin
3649,novelang
3650,maring
3651,bukud
3652,kaniti
3653,pisasali
3654,mi
3655,la
3656,mu
3657,naman
3658,ding
3659,tutuking
3660,aklat
3661,pawang
3662,gewa
3663,na
3664,ning
3665,gg
3666,aurelio
3667,tolentino
3668,utya
3669,daklat
3670,kayanakan
3671,kasulatang
3672,gintu
3673,ing
3674,buak
3675,nang
3676,ester
3677,mumhnang
3678,dake
3679,ing
3680,buak
3681,nang
3682,ester
3683,kaladuang
3684,dake
3685,mercado
3686,yangco
3687,menila
3688,kambe
3689,ya
3690,ing
3691,ing
3692,alagang
3693,atlung
3694,pulung
3695,centimong
3696,pilak
3697,giro
3698,postal
3699,at
3700,bitasan
3701,dang
3702,tanggapan
3703,de
3704,ing
3705,maring
3706,atin
3707,keng
3708,masusing
3709,listahan
3710,ding
3711,lagyu
3712,ra
3713,tuknangan
3714,ding
3715,manabilin
3716,novelang
3717,maring
3718,bukud
3719,kaniti
3720,pisasali
3721,mi
3722,la
3723,mu
3724,naman
3725,ding
3726,tutuking
3727,aklat
3728,pawang
3729,gewa
3730,na
3731,ning
3732,gg
3733,aurelio
3734,tolentino
3735,utya
3736,daklat
3737,kayanakan
3738,kasulatang
3739,gintu
3740,ing
3741,buak
3742,nang
3743,ester
3744,mumhnang
3745,dake
3746,ing
3747,buak
3748,nang
3749,ester
3750,kaladuang
3751,dake
3752,mercado
3753,yangco
3754,menila
3755,kambe
3756,ya
3757,ing
3758,ing
3759,alagang
3760,atlung
3761,pulung
3762,centimong
3763,pilak
3764,giro
3765,postal
3766,at
3767,bitasan
3768,dang
3769,tanggapan
3770,de
3771,ing
3772,maring
3773,atin
3774,keng
3775,masusing
3776,listahan
3777,ding
3778,lagyu
3779,ra
3780,tuknangan
3781,ding
3782,manabilin
3783,novelang
3784,maring
3785,bukud
3786,kaniti
3787,pisasali
3788,mi
3789,la
3790,mu
3791,naman
3792,ding
3793,tutuking
3794,aklat
3795,pawang
3796,gewa
3797,na
3798,ning
3799,gg
3800,aurelio
3801,tolentino
3802,utya
3803,daklat
3804,kayanakan
3805,kasulatang
3806,gintu
3807,ing
3808,buak
3809,nang
3810,ester
3811,mumhnang
3812,dake
3813,ing
3814,buak
3815,nang
3816,ester
3817,kaladuang
3818,dake
3819,mercado
3820,yangco
3821,menila
3822,kambe
3823,ya
3824,ing
3825,ing
3826,alagang
3827,atlung
3828,pulung
3829,centimong
3830,pilak
3831,giro
3832,postal
3833,at
3834,bitasan
3835,dang
3836,tanggapan
3837,de
3838,ing
3839,maring
3840,atin
3841,keng
3842,masusing
3843,listahan
3844,ding
3845,lagyu
3846,ra
3847,tuknangan
3848,ding
3849,manabilin
3850,novelang
3851,maring
3852,bukud
3853,kaniti
3854,pisasali
3855,mi
3856,la
3857,mu
3858,naman
3859,ding
3860,tutuking
3861,aklat
3862,pawang
3863,gewa
3864,na
3865,ning
3866,gg
3867,aurelio
3868,tolentino
3869,utya
3870,daklat
3871,kayanakan
3872,kasulatang
3873,gintu
3874,ing
3875,buak
3876,nang
3877,ester
3878,mumhnang
3879,dake
3880,ing
3881,buak
3882,nang
3883,ester
3884,kaladuang
3885,dake
3886,mercado
3887,yangco
3888,menila
3889,kambe
3890,ya
3891,ing
3892,ing
3893,alagang
3894,atlung
3895,pulung
3896,centimong
3897,pilak
3898,giro
3899,postal
3900,at
3901,bitasan
3902,dang
3903,tanggapan
3904,de
3905,ing
3906,maring
3907,atin
3908,keng
3909,masusing
3910,listahan
3911,ding
3912,lagyu
3913,ra
3914,tuknangan
3915,ding
3916,manabilin
3917,novelang
3918,maring
3919,bukud
3920,kaniti
3921,pisasali
3922,mi
3923,la
3924,mu
3925,naman
3926,ding
3927,tutuking
3928,aklat
3929,pawang
3930,gewa
3931,na
3932,ning
3933,gg
3934,aurelio
3935,tolentino
3936,utya
3937,daklat
3938,kayanakan
3939,kasulatang
3940,gintu
3941,ing
3942,buak
3943,nang
3944,ester
3945,mumhnang
3946,dake
3947,ing
3948,buak
3949,nang
3950,ester
3951,kaladuang
3952,dake
3953,mercado
3954,yangco
3955,menila
3956,kambe
3957,ya
3958,ing
3959,ing
3960,alagang
3961,atlung
3962,pulung
3963,centimong
3964,pilak
3965,giro
3966,postal
3967,at
3968,bitasan
3969,dang
3970,tanggapan
3971,de
3972,ing
3973,maring
3974,atin
3975,keng
3976,masusing
3977,listahan
3978,ding
3979,lagyu
3980,ra
3981,tuknangan
3982,ding
3983,manabilin
3984,novelang
3985,maring
3986,bukud
3987,kaniti
3988,pisasali
3989,mi
3990,la
3991,mu
3992,naman
3993,ding
3994,tutuking
3995,aklat
3996,pawang
3997,gewa
3998,na
3999,ning
4000,gg
4001,aurelio
4002,tolentino
4003,utya
4004,daklat
4005,kayanakan
4006,kasulatang
4007,gintu
4008,ing
4009,buak
4010,nang
4011,ester
4012,mumhnang
4013,dake
4014,ing
4015,buak
4016,nang
4017,ester
4018,kaladuang
4019,dake
4020,mercado
4021,yangco
4022,menila
4023,kambe
4024,ya
4025,ing
4026,ing
4027,alagang
4028,atlung
4029,pulung
4030,centimong
4031,pilak
4032,giro
4033,postal
4034,at
4035,bitasan
4036,dang
4037,tanggapan
4038,de
4039,ing
4040,maring
4041,atin
4042,keng
4043,masusing
4044,listahan
4045,ding
4046,lagyu
4047,ra
4048,tuknangan
4049,ding
4050,manabilin
4051,novelang
4052,maring
4053,bukud
4054,kaniti
4055,pisasali
4056,mi
4057,la
4058,mu
4059,naman
4060,ding
4061,tutuking
4062,aklat
4063,pawang
4064,gewa
4065,na
4066,ning
4067,gg
4068,aurelio
4069,tolentino
4070,utya
4071,daklat
4072,kayanakan
4073,kasulatang
4074,gintu
4075,ing
4076,buak
4077,nang
4078,ester
4079,mumhnang
4080,dake
4081,ing
4082,buak
4083,nang
4084,ester
4085,kaladuang
4086,dake
4087,mercado
4088,yangco
4089,menila
4090,kambe
4091,ya
4092,ing
4093,ing
4094,alagang
4095,atlung
4096,pulung
4097,centimong
4098,pilak
4099,giro
4100,postal
4101,at
4102,bitasan
4103,dang
4104,tanggapan
4105,de
4106,ing
4107,maring
4108,atin
4109,keng
4110,masusing
4111,listahan
4112,ding
4113,lagyu
4114,ra
4115,tuknangan
4116,ding
4117,manabilin
4118,novelang
4119,maring
4120,bukud
4121,kaniti
4122,pisasali
4123,mi
4124,la
4125,mu
4126,naman
4127,ding
4128,tutuking
4129,aklat
4130,pawang
4131,gewa
4132,na
4133,ning
4134,gg
4135,aurelio
4136,tolentino
4137,utya
4138,daklat
4139,kayanakan
4140,kasulatang
4141,gintu
4142,ing
4143,buak
4144,nang
4145,ester
4146,mumhnang
4147,dake
4148,ing
4149,buak
4150,nang
4151,ester
4152,kaladuang
4153,dake
4154,mercado
4155,yangco
4156,menila
4157,kambe
4158,ya
4159,ing
4160,ing
4161,alagang
4162,atlung
4163,pulung
4164,centimong
4165,pilak
4166,giro
4167,postal
4168,at
4169,bitasan
4170,dang
4171,tanggapan
4172,de
4173,ing
4174,maring
4175,atin
4176,keng
4177,masusing
4178,listahan
4179,ding
4180,lagyu
4181,ra
4182,tuknangan
4183,ding
4184,manabilin
4185,novelang
4186,maring
4187,bukud
4188,kaniti
4189,pisasali
4190,mi
4191,la
4192,mu
4193,naman
4194,ding
4195,tutuking
4196,aklat
4197,pawang
4198,gewa
4199,na
4200,ning
4201,gg
4202,aurelio
4203,tolentino
4204,utya
4205,daklat
4206,kayanakan
4207,kasulatang
4208,gintu
4209,ing
4210,buak
4211,nang
4212,ester
4213,mumhnang
4214,dake
4215,ing
4216,buak
4217,nang
4218,ester
4219,kaladuang
4220,dake
4221,mercado
4222,yangco
4223,menila
4224,kambe
4225,ya
4226,ing
4227,ing
4228,alagang
4229,atlung
4230,pulung
4231,centimong
4232,pilak
4233,giro
4234,postal
4235,at
4236,bitasan
4237,dang
4238,tanggapan
4239,de
4240,ing
4241,maring
4242,atin
4243,keng
4244,masusing
4245,listahan
4246,ding
4247,lagyu
4248,ra
4249,tuknangan
4250,ding
4251,manabilin
4252,novelang
4253,maring
4254,bukud
4255,kaniti
4256,pisasali
4257,mi
4258,la
4259,mu
4260,naman
4261,ding
4262,tutuking
4263,aklat
4264,pawang
4265,gewa
4266,na
4267,ning
4268,gg
4269,aurelio
4270,tolentino
4271,utya
4272,daklat
4273,kayanakan
4274,kasulatang
4275,gintu
4276,ing
4277,buak
4278,nang
4279,ester
4280,mumhnang
4281,dake
4282,ing
4283,buak
4284,nang
4285,ester
4286,kaladuang
4287,dake
4288,mercado
4289,yangco
4290,menila
4291,kambe
4292,ya
4293,ing
4294,ing
4295,alagang
4296,atlung
4297,pulung
4298,centimong
4299,pilak
4300,giro
4301,postal
4302,at
4303,bitasan
4304,dang
4305,tanggapan
4306,de
4307,ing
4308,maring
4309,atin
4310,keng
4311,masusing
4312,listahan
4313,ding
4314,lagyu
4315,ra
4316,tuknangan
4317,ding
4318,manabilin
4319,novelang
4320,maring
4321,bukud
4322,kaniti
4323,pisasali
4324,mi
4325,la
4326,mu
4327,naman
4328,ding
4329,tutuking
4330,aklat
4331,pawang
4332,gewa
4333,na
4334,ning
4335,gg
4336,aurelio
4337,tolentino
4338,utya
4339,daklat
4340,kayanakan
4341,kasulatang
4342,gintu
4343,ing
4344,buak
4345,nang
4346,ester
4347,mumhnang
4348,dake
4349,ing
4350,buak
4351,nang
4352,ester
4353,kaladuang
4354,dake
4355,mercado
4356,yangco
4357,menila
4358,kambe
4359,ya
4360,ing
4361,ing
4362,alagang
4363,atlung
4364,pulung
4365,centimong
4366,pilak
4367,giro
4368,postal
4369,at
4370,bitasan
4371,dang
4372,tanggapan
4373,de
4374,ing
4375,maring
4376,atin
4377,keng
4378,masusing
4379,listahan
4380,ding
4381,lagyu
4382,ra
4383,tuknangan
4384,ding
4385,manabilin
4386,novelang
4387,maring
4388,bukud
4389,kaniti
4390,pisasali
4391,mi
4392,la
4393,mu
4394,naman
4395,ding
4396,tutuking
4397,aklat
4398,pawang
4399,gewa
4400,na
4401,ning
4402,gg
4403,aurelio
4404,tolentino
4405,utya
4406,daklat
4407,kayanakan
4408,kasulatang
4409,gintu
4410,ing
4411,buak
4412,nang
4413,ester
4414,mumhnang
4415,dake
4416,ing
4417,buak
4418,nang
4419,ester
4420,kaladuang
4421,dake
4422,mercado
4423,yangco
4424,menila
4425,kambe
4426,ya
4427,ing
4428,ing
4429,alagang
4430,atlung
4431,pulung
4432,centimong
4433,pilak
4434,giro
4435,postal
4436,at
4437,bitasan
4438,dang
4439,tanggapan
4440,de
4441,ing
4442,maring
4443,atin
4444,keng
4445,masusing
4446,listahan
4447,ding
4448,lagyu
4449,ra
4450,tuknangan
4451,ding
4452,manabilin
4453,novelang
4454,maring
4455,bukud
4456,kaniti
4457,pisasali
4458,mi
4459,la
4460,mu
4461,naman
4462,ding
4463,tutuking
4464,aklat
4465,pawang
4466,gewa
4467,na
4468,ning
4469,gg
4470,aurelio
4471,tolentino
4472,utya
4473,daklat
4474,kayanakan
4475,kasulatang
4476,gintu
4477,ing
4478,buak
4479,nang
4480,ester
4481,mumhnang
4482,dake
4483,ing
4484,buak
4485,nang
4486,ester
4487,kaladuang
4488,dake
4489,mercado
4490,yangco
4491,menila
4492,kambe
4493,ya
4494,ing
4495,ing
4496,alagang
4497,atlung
4498,pulung
4499,centimong
4500,pilak
4501,giro
4502,postal
4503,at
4504,bitasan
4505,dang
4506,tanggapan
4507,de
4508,ing
4509,maring
4510,atin
4511,keng
4512,masusing
4513,listahan
4514,ding
4515,lagyu
4516,ra
4517,tuknangan
4518,ding
4519,manabilin
4520,novelang
4521,maring
4522,bukud
4523,kaniti
4524,pisasali
4525,mi
4526,la
4527,mu
4528,naman
4529,ding
4530,tutuking
4531,aklat
4532,pawang
4533,gewa
4534,na
4535,ning
4536,gg
4537,aurelio
4538,tolentino
4539,utya
4540,daklat
4541,kayanakan
4542,kasulatang
4543,gintu
4544,ing
4545,buak
4546,nang
4547,ester
4548,mumhnang
4549,dake
4550,ing
4551,buak
4552,nang
4553,ester
4554,kaladuang
4555,dake
4556,mercado
4557,yangco
4558,menila
4559,kambe
4560,ya
4561,ing
4562,ing
4563,alagang
4564,atlung
4565,pulung
4566,centimong
4567,pilak
4568,giro
4569,postal
4570,at
4571,bitasan
4572,dang
4573,tanggapan
4574,de
4575,ing
4576,maring
4577,atin
4578,keng
4579,masusing
4580,listahan
4581,ding
4582,lagyu
4583,ra
4584,tuknangan
4585,ding
4586,manabilin
4587,novelang
4588,maring
4589,bukud
4590,kaniti
4591,pisasali
4592,mi
4593,la
4594,mu
4595,naman
4596,ding
4597,tutuking
4598,aklat
4599,pawang
4600,gewa
4601,na
4602,ning
4603,gg
4604,aurelio
4605,tolentino
4606,utya
4607,daklat
4608,kayanakan
4609,kasulatang
4610,gintu
4611,ing
4612,buak
4613,nang
4614,ester
4615,mumhnang
4616,dake
4617,ing
4618,buak
4619,nang
4620,ester
4621,kaladuang
4622,dake
4623,mercado
4624,yangco
4625,menila
4626,kambe
4627,ya
4628,ing
4629,ing
4630,alagang
4631,atlung
4632,pulung
4633,centimong
4634,pilak
4635,giro
4636,postal
4637,at
4638,bitasan
4639,dang
4640,tanggapan
4641,de
4642,ing
4643,maring
4644,atin
4645,keng
4646,masusing
4647,listahan
4648,ding
4649,lagyu
4650,ra
4651,tuknangan
4652,ding
4653,manabilin
4654,novelang
4655,maring
4656,bukud
4657,kaniti
4658,pisasali
4659,mi
4660,la
4661,mu
4662,naman
4663,ding
4664,tutuking
4665,aklat
4666,pawang
4667,gewa
4668,na
4669,ning
4670,gg
4671,aurelio
4672,tolentino
4673,utya
4674,daklat
4675,kayanakan
4676,kasulatang
4677,gintu
4678,ing
4679,buak
4680,nang
4681,ester
4682,mumhnang
4683,dake
4684,ing
4685,buak
4686,nang
4687,ester
4688,kaladuang
4689,dake
4690,mercado
4691,yangco
4692,menila
4693,kambe
4694,ya
4695,ing
4696,ing
4697,alagang
4698,atlung
4699,pulung
4700,centimong
4701,pilak
4702,giro
4703,postal
4704,at
4705,bitasan
4706,dang
4707,tanggapan
4708,de
4709,ing
4710,maring
4711,atin
4712,keng
4713,masusing
4714,listahan
4715,ding
4716,lagyu
4717,ra
4718,tuknangan
4719,ding
4720,manabilin
4721,novelang
4722,maring
4723,bukud
4724,kaniti
4725,pisasali
4726,mi
4727,la
4728,mu
4729,naman
4730,ding
4731,tutuking
4732,aklat
4733,pawang
4734,gewa
4735,na
4736,ning
4737,gg
4738,aurelio
4739,tolentino
4740,utya
4741,daklat
4742,kayanakan
4743,kasulatang
4744,gintu
4745,ing
4746,buak
4747,nang
4748,ester
4749,mumhnang
4750,dake
4751,ing
4752,buak
4753,nang
4754,ester
4755,kaladuang
4756,dake
4757,mercado
4758,yangco
4759,menila
4760,kambe
4761,ya
4762,ing
4763,ing
4764,alagang
4765,atlung
4766,pulung
4767,centimong
4768,pilak
4769,giro
4770,postal
4771,at
4772,bitasan
4773,dang
4774,tanggapan
4775,de
4776,ing
4777,maring
4778,atin
4779,keng
4780,masusing
4781,listahan
4782,ding
4783,lagyu
4784,ra
4785,tuknangan
4786,ding
4787,manabilin
4788,novelang
4789,maring
4790,bukud
4791,kaniti
4792,pisasali
4793,mi
4794,la
4795,mu
4796,naman
4797,ding
4798,tutuking
4799,aklat
4800,pawang
4801,gewa
4802,na
4803,ning
4804,gg
4805,aurelio
4806,tolentino
4807,utya
4808,daklat
4809,kayanakan
4810,kasulatang
4811,gintu
4812,ing
4813,buak
4814,nang
4815,ester
4816,mumhnang
4817,dake
4818,ing
4819,buak
4820,nang
4821,ester
4822,kaladuang
4823,dake
4824,mercado
4825,yangco
4826,menila
4827,kambe
4828,ya
4829,ing
4830,ing
4831,alagang
4832,atlung
4833,pulung
4834,centimong
4835,pilak
4836,giro
4837,postal
4838,at
4839,bitasan
4840,dang
4841,tanggapan
4842,de
4843,ing
4844,maring
4845,atin
4846,keng
4847,masusing
4848,listahan
4849,ding
4850,lagyu
4851,ra
4852,tuknangan
4853,ding
4854,manabilin
4855,novelang
4856,maring
4857,bukud
4858,kaniti
4859,pisasali
4860,mi
4861,la
4862,mu
4863,naman
4864,ding
4865,tutuking
4866,aklat
4867,pawang
4868,gewa
4869,na
4870,ning
4871,gg
4872,aurelio
4873,tolentino
4874,utya
4875,daklat
4876,kayanakan
4877,kasulatang
4878,gintu
4879,ing
4880,buak
4881,nang
4882,ester
4883,mumhnang
4884,dake
4885,ing
4886,buak
4887,nang
4888,ester
4889,kaladuang
4890,dake
4891,mercado
4892,yangco
4893,menila
4894,kambe
4895,ya
4896,ing
4897,ing
4898,alagang
4899,atlung
4900,pulung
4901,centimong
4902,pilak
4903,giro
4904,postal
4905,at
4906,bitasan
4907,dang
4908,tanggapan
4909,de
4910,ing
4911,maring
4912,atin
4913,keng
4914,masusing
4915,listahan
4916,ding
4917,lagyu
4918,ra
4919,tuknangan
4920,ding
4921,manabilin
4922,novelang
4923,maring
4924,bukud
4925,kaniti
4926,pisasali
4927,mi
4928,la
4929,mu
4930,naman
4931,ding
4932,tutuking
4933,aklat
4934,pawang
4935,gewa
4936,na
4937,ning
4938,gg
4939,aurelio
4940,tolentino
4941,utya
4942,daklat
4943,kayanakan
4944,kasulatang
4945,gintu
4946,ing
4947,buak
4948,nang
4949,ester
4950,mumhnang
4951,dake
4952,ing
4953,buak
4954,nang
4955,ester
4956,kaladuang
4957,dake
4958,mercado
4959,yangco
4960,menila
4961,kambe
4962,ya
4963,ing
4964,ing
4965,alagang
4966,atlung
4967,pulung
4968,centimong
4969,pilak
4970,giro
4971,postal
4972,at
4973,bitasan
4974,dang
4975,tanggapan
4976,de
4977,ing
4978,maring
4979,atin
4980,keng
4981,masusing
4982,listahan
4983,ding
4984,lagyu
4985,ra
4986,tuknangan
4987,ding
4988,manabilin
4989,novelang
4990,maring
4991,bukud
4992,kaniti
4993,pisasali
4994,mi
4995,la
4996,mu
4997,naman
4998,ding
4999,tutuking
5000,aklat
5001,pawang
5002,gewa
5003,na
5004,ning
5005,gg
5006,aurelio
5007,tolentino
5008,utya
5009,daklat
5010,kayanakan
5011,kasulatang
5012,gintu
5013,ing
5014,buak
5015,nang
5016,ester
5017,mumhnang
5018,dake
5019,ing
5020,buak
5021,nang
5022,ester
5023,kaladuang
5024,dake
5025,mercado
5026,yangco
5027,menila
5028,kambe
5029,ya
5030,ing
5031,ing
5032,alagang
5033,atlung
5034,pulung
5035,centimong
5036,pilak
5037,giro
5038,postal
5039,at
5040,bitasan
5041,dang
5042,tanggapan
5043,de
5044,ing
5045,maring
5046,atin
5047,keng
5048,masusing
5049,listahan
5050,ding
5051,lagyu
5052,ra
5053,tuknangan
5054,ding
5055,manabilin
5056,novelang
5057,maring
5058,bukud
5059,kaniti
5060,pisasali
5061,mi
5062,la
5063,mu
5064,naman
5065,ding
5066,tutuking
5067,aklat
5068,pawang
5069,gewa
5070,na
5071,ning
5072,gg
5073,aurelio
5074,tolentino
5075,utya
5076,daklat
5077,kayanakan
5078,kasulatang
5079,gintu
5080,ing
5081,buak
5082,nang
5083,ester
5084,mumhnang
5085,dake
5086,ing
5087,buak
5088,nang
5089,ester
5090,kaladuang
5091,dake
5092,mercado
5093,yangco
5094,menila
5095,kambe
5096,ya
5097,ing
5098,ing
5099,alagang
5100,atlung
5101,pulung
5102,centimong
5103,pilak
5104,giro
5105,postal
5106,at
5107,bitasan
5108,dang
5109,tanggapan
5110,de
5111,ing
5112,maring
5113,atin
5114,keng
5115,masusing
5116,listahan
5117,ding
5118,lagyu
5119,ra
5120,tuknangan
5121,ding
5122,manabilin
5123,novelang
5124,maring
5125,bukud
5126,kaniti
5127,pisasali
5128,mi
5129,la
5130,mu
5131,naman
5132,ding
5133,tutuking
5134,aklat
5135,pawang
5136,gewa
5137,na
5138,ning
5139,gg
5140,aurelio
5141,tolentino
5142,utya
5143,daklat
5144,kayanakan
5145,kasulatang
5146,gintu
5147,ing
5148,buak
5149,nang
5150,ester
5151,mumhnang
5152,dake
5153,ing
5154,buak
5155,nang
5156,ester
5157,kaladuang
5158,dake
5159,mercado
5160,yangco
5161,menila
5162,kambe
5163,ya
5164,ing
5165,ing
5166,alagang
5167,atlung
5168,pulung
5169,centimong
5170,pilak
5171,giro
5172,postal
5173,at
5174,bitasan
5175,dang
5176,tanggapan
5177,de
5178,ing
5179,maring
5180,atin
5181,keng
5182,masusing
5183,listahan
5184,ding
5185,lagyu
5186,ra
5187,tuknangan
5188,ding
5189,manabilin
5190,novelang
5191,maring
5192,bukud
5193,kaniti
5194,pisasali
5195,mi
5196,la
5197,mu
5198,naman
5199,ding
5200,tutuking
5201,aklat
5202,pawang
5203,gewa
5204,na
5205,ning
5206,gg
5207,aurelio
5208,tolentino
5209,utya
5210,daklat
5211,kayanakan
5212,kasulatang
5213,gintu
5214,ing
5215,buak
5216,nang
5217,ester
5218,mumhnang
5219,dake
5220,ing
5221,buak
5222,nang
5223,ester
5224,kaladuang
5225,dake
5226,mercado
5227,yangco
5228,menila
5229,kambe
5230,ya
5231,ing
5232,ing
5233,alagang
5234,atlung
5235,pulung
5236,centimong
5237,pilak
5238,giro
5239,postal
5240,at
5241,bitasan
5242,dang
5243,tanggapan
5244,de
5245,ing
5246,maring
5247,atin
5248,keng
5249,masusing
5250,listahan
5251,ding
5252,lagyu
5253,ra
5254,tuknangan
5255,ding
5256,manabilin
5257,novelang
5258,maring
5259,bukud
5260,kaniti
5261,pisasali
5262,mi
5263,la
5264,mu
5265,naman
5266,ding
5267,tutuking
5268,aklat
5269,pawang
5270,gewa
5271,na
5272,ning
5273,gg
5274,aurelio
5275,tolentino
5276,utya
5277,daklat
5278,kayanakan
5279,kasulatang
5280,gintu
5281,ing
5282,buak
5283,nang
5284,ester
5285,mumhnang
5286,dake
5287,ing
5288,buak
5289,nang
5290,ester
5291,kaladuang
5292,dake
5293,mercado
5294,yangco
5295,menila
5296,kambe
5297,ya
5298,ing
5299,ing
5300,alagang
5301,atlung
5302,pulung
5303,centimong
5304,pilak
5305,giro
5306,postal
5307,at
5308,bitasan
5309,dang
5310,tanggapan
5311,de
5312,ing
5313,maring
5314,atin
5315,keng
5316,masusing
5317,listahan
5318,ding
5319,lagyu
5320,ra
5321,tuknangan
5322,ding
5323,manabilin
5324,novelang
5325,maring
5326,bukud
5327,kaniti
5328,pisasali
5329,mi
5330,la
5331,mu
5332,naman
5333,ding
5334,tutuking
5335,aklat
5336,pawang
5337,gewa
5338,na
5339,ning
5340,gg
5341,aurelio
5342,tolentino
5343,utya
5344,daklat
5345,kayanakan
5346,kasulatang
5347,gintu
5348,ing
5349,buak
5350,nang
5351,ester
5352,mumhnang
5353,dake
5354,ing
5355,buak
5356,nang
5357,ester
5358,kaladuang
5359,dake
5360,mercado
5361,yangco
5362,menila
5363,kambe
5364,ya
5365,ing
5366,ing
5367,alagang
5368,atlung
5369,pulung
5370,centimong
5371,pilak
5372,giro
5373,postal
5374,at
5375,bitasan
5376,dang
5377,tanggapan
5378,de
5379,ing
5380,maring
5381,atin
5382,keng
5383,masusing
5384,listahan
5385,ding
5386,lagyu
5387,ra
5388,tuknangan
5389,ding
5390,manabilin
5391,novelang
5392,maring
5393,bukud
5394,kaniti
5395,pisasali
5396,mi
5397,la
5398,mu
5399,naman
5400,ding
5401,tutuking
5402,aklat
5403,pawang
5404,gewa
5405,na
5406,ning
5407,gg
5408,aurelio
5409,tolentino
5410,utya
5411,daklat
5412,kayanakan
5413,kasulatang
5414,gintu
5415,ing
5416,buak
5417,nang
5418,ester
5419,mumhnang
5420,dake
5421,ing
5422,buak
5423,nang
5424,ester
5425,kaladuang
5426,dake
5427,mercado
5428,yangco
5429,menila
5430,kambe
5431,ya
5432,ing
5433,ing
5434,alagang
5435,atlung
5436,pulung
5437,centimong
5438,pilak
5439,giro
5440,postal
5441,at
5442,bitasan
5443,dang
5444,tanggapan
5445,de
5446,ing
5447,maring
5448,atin
5449,keng
5450,masusing
5451,listahan
5452,ding
5453,lagyu
5454,ra
5455,tuknangan
5456,ding
5457,manabilin
5458,novelang
5459,maring
5460,bukud
5461,kaniti
5462,pisasali
5463,mi
5464,la
5465,mu
5466,naman
5467,ding
5468,tutuking
5469,aklat
5470,pawang
5471,gewa
5472,na
5473,ning
5474,gg
5475,aurelio
5476,tolentino
5477,utya
5478,daklat
5479,kayanakan
5480,kasulatang
5481,gintu
5482,ing
5483,buak
5484,nang
5485,ester
5486,mumhnang
5487,dake
5488,ing
5489,buak
5490,nang
5491,ester
5492,kaladuang
5493,dake
5494,mercado
5495,yangco
5496,menila
5497,kambe
5498,ya
5499,ing
5500,ing
5501,alagang
5502,atlung
5503,pulung
5504,centimong
5505,pilak
5506,giro
5507,postal
5508,at
5509,bitasan
5510,dang
5511,tanggapan
5512,de
5513,ing
5514,maring
5515,atin
5516,keng
5517,masusing
5518,listahan
5519,ding
5520,lagyu
5521,ra
5522,tuknangan
5523,ding
5524,manabilin
5525,novelang
5526,maring
5527,bukud
5528,kaniti
5529,pisasali
5530,mi
5531,la
5532,mu
5533,naman
5534,ding
5535,tutuking
5536,aklat
5537,pawang
5538,gewa
5539,na
5540,ning
5541,gg
5542,aurelio
5543,tolentino
5544,utya
5545,daklat
5546,kayanakan
5547,kasulatang
5548,gintu
5549,ing
5550,buak
5551,nang
5552,ester
5553,mumhnang
5554,dake
5555,ing
5556,buak
5557,nang
5558,ester
5559,kaladuang
5560,dake
5561,mercado
5562,yangco
5563,menila
5564,kambe
5565,ya
5566,ing
5567,ing
5568,alagang
5569,atlung
5570,pulung
5571,centimong
5572,pilak
5573,giro
5574,postal
5575,at
5576,bitasan
5577,dang
5578,tanggapan
5579,de
5580,ing
5581,maring
5582,atin
5583,keng
5584,masusing
5585,listahan
5586,ding
5587,lagyu
5588,ra
5589,tuknangan
5590,ding
5591,manabilin
5592,novelang
5593,maring
5594,bukud
5595,kaniti
5596,pisasali
5597,mi
5598,la
5599,mu
5600,naman
5601,ding
5602,tutuking
5603,aklat
5604,pawang
5605,gewa
5606,na
5607,ning
5608,gg
5609,aurelio
5610,tolentino
5611,utya
5612,daklat
5613,kayanakan
5614,kasulatang
5615,gintu
5616,ing
5617,buak
5618,nang
5619,ester
5620,mumhnang
5621,dake
5622,ing
5623,buak
5624,nang
5625,ester
5626,kaladuang
5627,dake
5628,mercado
5629,yangco
5630,menila
5631,kambe
5632,ya
5633,ing
5634,ing
5635,alagang
5636,atlung
5637,pulung
5638,centimong
5639,pilak
5640,giro
5641,postal
5642,at
5643,bitasan
5644,dang
5645,tanggapan
5646,de
5647,ing
5648,maring
5649,atin
5650,keng
5651,masusing
5652,listahan
5653,ding
5654,lagyu
5655,ra
5656,tuknangan
5657,ding
5658,manabilin
5659,novelang
5660,maring
5661,bukud
5662,kaniti
5663,pisasali
5664,mi
5665,la
5666,mu
5667,naman
5668,ding
5669,tutuking
5670,aklat
5671,pawang
5672,gewa
5673,na
5674,ning
5675,gg
5676,aurelio
5677,tolentino
5678,utya
5679,daklat
5680,kayanakan
5681,kasulatang
5682,gintu
5683,ing
5684,buak
5685,nang
5686,ester
5687,mumhnang
5688,dake
5689,ing
5690,buak
5691,nang
5692,ester
5693,kaladuang
5694,dake
5695,mercado
5696,yangco
5697,menila
5698,kambe
5699,ya
5700,ing
5701,ing
5702,alagang
5703,atlung
5704,pulung
5705,centimong
5706,pilak
5707,giro
5708,postal
5709,at
5710,bitasan
5711,dang
5712,tanggapan
5713,de
5714,ing
5715,maring
5716,atin
5717,keng
5718,masusing
5719,listahan
5720,ding
5721,lagyu
5722,ra
5723,tuknangan
5724,ding
5725,manabilin
5726,novelang
5727,maring
5728,bukud
5729,kaniti
5730,pisasali
5731,mi
5732,la
5733,mu
5734,naman
5735,ding
5736,tutuking
5737,aklat
5738,pawang
5739,gewa
5740,na
5741,ning
5742,gg
5743,aurelio
5744,tolentino
5745,utya
5746,daklat
5747,kayanakan
5748,kasulatang
5749,gintu
5750,ing
5751,buak
5752,nang
5753,ester
5754,mumhnang
5755,dake
5756,ing
5757,buak
5758,nang
5759,ester
5760,kaladuang
5761,dake
5762,mercado
5763,yangco
5764,menila
5765,kambe
5766,ya
5767,ing
5768,ing
5769,alagang
5770,atlung
5771,pulung
5772,centimong
5773,pilak
5774,giro
5775,postal
5776,at
5777,bitasan
5778,dang
5779,tanggapan
5780,de
5781,ing
5782,maring
5783,atin
5784,keng
5785,masusing
5786,listahan
5787,ding
5788,lagyu
5789,ra
5790,tuknangan
5791,ding
5792,manabilin
5793,novelang
5794,maring
5795,bukud
5796,kaniti
5797,pisasali
5798,mi
5799,la
5800,mu
5801,naman
5802,ding
5803,tutuking
5804,aklat
5805,pawang
5806,gewa
5807,na
5808,ning
5809,gg
5810,aurelio
5811,tolentino
5812,utya
5813,daklat
5814,kayanakan
5815,kasulatang
5816,gintu
5817,ing
5818,buak
5819,nang
5820,ester
5821,mumhnang
5822,dake
5823,ing
5824,buak
5825,nang
5826,ester
5827,kaladuang
5828,dake
5829,mercado
5830,yangco
5831,menila
5832,kambe
5833,ya
5834,ing
5835,ing
5836,alagang
5837,atlung
5838,pulung
5839,centimong
5840,pilak
5841,giro
5842,postal
5843,at
5844,bitasan
5845,dang
5846,tanggapan
5847,de
5848,ing
5849,maring
5850,atin
5851,keng
5852,masusing
5853,listahan
5854,ding
5855,lagyu
5856,ra
5857,tuknangan
5858,ding
5859,manabilin
5860,novelang
5861,maring
5862,bukud
5863,kaniti
5864,pisasali
5865,mi
5866,la
5867,mu
5868,naman
5869,ding
5870,tutuking
5871,aklat
5872,pawang
5873,gewa
5874,na
5875,ning
5876,gg
5877,aurelio
5878,tolentino
5879,utya
5880,daklat
5881,kayanakan
5882,kasulatang
5883,gintu
5884,ing
5885,buak
5886,nang
5887,ester
5888,mumhnang
5889,dake
5890,ing
5891,buak
5892,nang
5893,ester
5894,kaladuang
5895,dake
5896,mercado
5897,yangco
5898,menila
5899,kambe
5900,ya
5901,ing
5902,ing
5903,alagang
5904,atlung
5905,pulung
5906,centimong
5907,pilak
5908,giro
5909,postal
5910,at
5911,bitasan
5912,dang
5913,tanggapan
5914,de
5915,ing
5916,maring
5917,atin
5918,keng
5919,masusing
5920,listahan
5921,ding
5922,lagyu
5923,ra
5924,tuknangan
5925,ding
5926,manabilin
5927,novelang
5928,maring
5929,bukud
5930,kaniti
5931,pisasali
5932,mi
5933,la
5934,mu
5935,naman
5936,ding
5937,tutuking
5938,aklat
5939,pawang
5940,gewa
5941,na
5942,ning
5943,gg
5944,aurelio
5945,tolentino
5946,utya
5947,daklat
5948,kayanakan
5949,kasulatang
5950,gintu
5951,ing
5952,buak
5953,nang
5954,ester
5955,mumhnang
5956,dake
5957,ing
5958,buak
5959,nang
5960,ester
5961,kaladuang
5962,dake
5963,mercado
5964,yangco
5965,menila
5966,kambe
5967,ya
5968,ing
5969,ing
5970,alagang
5971,atlung
5972,pulung
5973,centimong
5974,pilak
5975,giro
5976,postal
5977,at
5978,bitasan
5979,dang
5980,tanggapan
5981,de
5982,ing
5983,maring
5984,atin
5985,keng
5986,masusing
5987,listahan
5988,ding
5989,lagyu
5990,ra
5991,tuknangan
5992,ding
5993,manabilin
5994,novelang
5995,maring
5996,bukud
5997,kaniti
5998,pisasali
5999,mi
6000,la
6001,mu
6002,naman
6003,ding
6004,tutuking
6005,aklat
6006,pawang
6007,gewa
6008,na
6009,ning
6010,gg
6011,aurelio
6012,tolentino
6013,utya
6014,daklat
6015,kayanakan
6016,kasulatang
6017,gintu
6018,ing
6019,buak
6020,nang
6021,ester
6022,mumhnang
6023,dake
6024,ing
6025,buak
6026,nang
6027,ester
6028,kaladuang
6029,dake
6030,mercado
6031,yangco
6032,menila
6033,kambe
6034,ya
6035,ing
6036,ing
6037,alagang
6038,atlung
6039,pulung
6040,centimong
6041,pilak
6042,giro
6043,postal
6044,at
6045,bitasan
6046,dang
6047,tanggapan
6048,de
6049,ing
6050,maring
6051,atin
6052,keng
6053,masusing
6054,listahan
6055,ding
6056,lagyu
6057,ra
6058,tuknangan
6059,ding
6060,manabilin
6061,novelang
6062,maring
6063,bukud
6064,kaniti
6065,pisasali
6066,mi
6067,la
6068,mu
6069,naman
6070,ding
6071,tutuking
6072,aklat
6073,pawang
6074,gewa
6075,na
6076,ning
6077,gg
6078,aurelio
6079,tolentino
6080,utya
6081,daklat
6082,kayanakan
6083,kasulatang
6084,gintu
6085,ing
6086,buak
6087,nang
6088,ester
6089,mumhnang
6090,dake
6091,ing
6092,buak
6093,nang
6094,ester
6095,kaladuang
6096,dake
6097,mercado
6098,yangco
6099,menila
6100,kambe
6101,ya
6102,ing
6103,ing
6104,alagang
6105,atlung
6106,pulung
6107,centimong
6108,pilak
6109,giro
6110,postal
6111,at
6112,bitasan
6113,dang
6114,tanggapan
6115,de
6116,ing
6117,maring
6118,atin
6119,keng
6120,masusing
6121,listahan
6122,ding
6123,lagyu
6124,ra
6125,tuknangan
6126,ding
6127,manabilin
6128,novelang
6129,maring
6130,bukud
6131,kaniti
6132,pisasali
6133,mi
6134,la
6135,mu
6136,naman
6137,ding
6138,tutuking
6139,aklat
6140,pawang
6141,gewa
6142,na
6143,ning
6144,gg
6145,aurelio
6146,tolentino
6147,utya
6148,daklat
6149,kayanakan
6150,kasulatang
6151,gintu
6152,ing
6153,buak
6154,nang
6155,ester
6156,mumhnang
6157,dake
6158,ing
6159,buak
6160,nang
6161,ester
6162,kaladuang
6163,dake
6164,mercado
6165,yangco
6166,menila
6167,kambe
6168,ya
6169,ing
6170,ing
6171,alagang
6172,atlung
6173,pulung
6174,centimong
6175,pilak
6176,giro
6177,postal
6178,at
6179,bitasan
6180,dang
6181,tanggapan
6182,de
6183,ing
6184,maring
6185,atin
6186,keng
6187,masusing
6188,listahan
6189,ding
6190,lagyu
6191,ra
6192,tuknangan
6193,ding
6194,manabilin
6195,novelang
6196,maring
6197,bukud
6198,kaniti
6199,pisasali
6200,mi
6201,la
6202,mu
6203,naman
6204,ding
6205,tutuking
6206,aklat
6207,pawang
6208,gewa
6209,na
6210,ning
6211,gg
6212,aurelio
6213,tolentino
6214,utya
6215,daklat
6216,kayanakan
6217,kasulatang
6218,gintu
6219,ing
6220,buak
6221,nang
6222,ester
6223,mumhnang
6224,dake
6225,ing
6226,buak
6227,nang
6228,ester
6229,kaladuang
6230,dake
6231,mercado
6232,yangco
6233,menila
6234,kambe
6235,ya
6236,ing
6237,ing
6238,alagang
6239,atlung
6240,pulung
6241,centimong
6242,pilak
6243,giro
6244,postal
6245,at
6246,bitasan
6247,dang
6248,tanggapan
6249,de
6250,ing
6251,maring
6252,atin
6253,keng
6254,masusing
6255,listahan
6256,ding
6257,lagyu
6258,ra
6259,tuknangan
6260,ding
6261,manabilin
6262,novelang
6263,maring
6264,bukud
6265,kaniti
6266,pisasali
6267,mi
6268,la
6269,mu
6270,naman
6271,ding
6272,tutuking
6273,aklat
6274,pawang
6275,gewa
6276,na
6277,ning
6278,gg
6279,aurelio
6280,tolentino
6281,utya
6282,daklat
6283,kayanakan
6284,kasulatang
6285,gintu
6286,ing
6287,buak
6288,nang
6289,ester
6290,mumhnang
6291,dake
6292,ing
6293,buak
6294,nang
6295,ester
6296,kaladuang
6297,dake
6298,mercado
6299,yangco
6300,menila
6301,kambe
6302,ya
6303,ing
6304,ing
6305,alagang
6306,atlung
6307,pulung
6308,centimong
6309,pilak
6310,giro
6311,postal
6312,at
6313,bitasan
6314,dang
6315,tanggapan
6316,de
6317,ing
6318,maring
6319,atin
6320,keng
6321,masusing
6322,listahan
6323,ding
6324,lagyu
6325,ra
6326,tuknangan
6327,ding
6328,manabilin
6329,novelang
6330,maring
6331,bukud
6332,kaniti
6333,pisasali
6334,mi
6335,la
6336,mu
6337,naman
6338,ding
6339,tutuking
6340,aklat
6341,pawang
6342,gewa
6343,na
6344,ning
6345,gg
6346,aurelio
6347,tolentino
6348,utya
6349,daklat
6350,kayanakan
6351,kasulatang
6352,gintu
6353,ing
6354,buak
6355,nang
6356,ester
6357,mumhnang
6358,dake
6359,ing
6360,buak
6361,nang
6362,ester
6363,kaladuang
6364,dake
6365,mercado
6366,yangco
6367,menila
6368,kambe
6369,ya
6370,ing
6371,ing
6372,alagang
6373,atlung
6374,pulung
6375,centimong
6376,pilak
6377,giro
6378,postal
6379,at
6380,bitasan
6381,dang
6382,tanggapan
6383,de
6384,ing
6385,maring
6386,atin
6387,keng
6388,masusing
6389,listahan
6390,ding
6391,lagyu
6392,ra
6393,tuknangan
6394,ding
6395,manabilin
6396,novelang
6397,maring
6398,bukud
6399,kaniti
6400,pisasali
6401,mi
6402,la
6403,mu
6404,naman
6405,ding
6406,tutuking
6407,aklat
6408,pawang
6409,gewa
6410,na
6411,ning
6412,gg
6413,aurelio
6414,tolentino
6415,utya
6416,daklat
6417,kayanakan
6418,kasulatang
6419,gintu
6420,ing
6421,buak
6422,nang
6423,ester
6424,mumhnang
6425,dake
6426,ing
6427,buak
6428,nang
6429,ester
6430,kaladuang
6431,dake
6432,mercado
6433,yangco
6434,menila
6435,kambe
6436,ya
6437,ing
6438,ing
6439,alagang
6440,atlung
6441,pulung
6442,centimong
6443,pilak
6444,giro
6445,postal
6446,at
6447,bitasan
6448,dang
6449,tanggapan
6450,de
6451,ing
6452,maring
6453,atin
6454,keng
6455,masusing
6456,listahan
6457,ding
6458,lagyu
6459,ra
6460,tuknangan
6461,ding
6462,manabilin
6463,novelang
6464,maring
6465,bukud
6466,kaniti
6467,pisasali
6468,mi
6469,la
6470,mu
6471,naman
6472,ding
6473,tutuking
6474,aklat
6475,pawang
6476,gewa
6477,na
6478,ning
6479,gg
6480,aurelio
6481,tolentino
6482,utya
6483,daklat
6484,kayanakan
6485,kasulatang
6486,gintu
6487,ing
6488,buak
6489,nang
6490,ester
6491,mumhnang
6492,dake
6493,ing
6494,buak
6495,nang
6496,ester
6497,kaladuang
6498,dake
6499,mercado
6500,yangco
6501,menila
6502,kambe
6503,ya
6504,ing
6505,ing
6506,alagang
6507,atlung
6508,pulung
6509,centimong
6510,pilak
6511,giro
6512,postal
6513,at
6514,bitasan
6515,dang
6516,tanggapan
6517,de
6518,ing
6519,maring
6520,atin
6521,keng
6522,masusing
6523,listahan
6524,ding
6525,lagyu
6526,ra
6527,tuknangan
6528,ding
6529,manabilin
6530,novelang
6531,maring
6532,bukud
6533,kaniti
6534,pisasali
6535,mi
6536,la
6537,mu
6538,naman
6539,ding
6540,tutuking
6541,aklat
6542,pawang
6543,gewa
6544,na
6545,ning
6546,gg
6547,aurelio
6548,tolentino
6549,utya
6550,daklat
6551,kayanakan
6552,kasulatang
6553,gintu
6554,ing
6555,buak
6556,nang
6557,ester
6558,mumhnang
6559,dake
6560,ing
6561,buak
6562,nang
6563,ester
6564,kaladuang
6565,dake
6566,mercado
6567,yangco
6568,menila
6569,kambe
6570,ya
6571,ing
6572,ing
6573,alagang
6574,atlung
6575,pulung
6576,centimong
6577,pilak
6578,giro
6579,postal
6580,at
6581,bitasan
6582,dang
6583,tanggapan
6584,de
6585,ing
6586,maring
6587,atin
6588,keng
6589,masusing
6590,listahan
6591,ding
6592,lagyu
6593,ra
6594,tuknangan
6595,ding
6596,manabilin
6597,novelang
6598,maring
6599,bukud
6600,kaniti
6601,pisasali
6602,mi
6603,la
6604,mu
6605,naman
6606,ding
6607,tutuking
6608,aklat
6609,pawang
6610,gewa
6611,na
6612,ning
6613,gg
6614,aurelio
6615,tolentino
6616,utya
6617,daklat
6618,kayanakan
6619,kasulatang
6620,gintu
6621,ing
6622,buak
6623,nang
6624,ester
6625,mumhnang
6626,dake
6627,ing
6628,buak
6629,nang
6630,ester
6631,kaladuang
6632,dake
6633,mercado
6634,yangco
6635,menila
6636,kambe
6637,ya
6638,ing
6639,ing
6640,alagang
6641,atlung
6642,pulung
6643,centimong
6644,pilak
6645,giro
6646,postal
6647,at
6648,bitasan
6649,dang
6650,tanggapan
6651,de
6652,ing
6653,maring
6654,atin
6655,keng
6656,masusing
6657,listahan
6658,ding
6659,lagyu
6660,ra
6661,tuknangan
6662,ding
6663,manabilin
6664,novelang
6665,maring
6666,bukud
6667,kaniti
6668,pisasali
6669,mi
6670,la
6671,mu
6672,naman
6673,ding
6674,tutuking
6675,aklat
6676,pawang
6677,gewa
6678,na
6679,ning
6680,gg
6681,aurelio
6682,tolentino
6683,utya
6684,daklat
6685,kayanakan
6686,kasulatang
6687,gintu
6688,ing
6689,buak
6690,nang
6691,ester
6692,mumhnang
6693,dake
6694,ing
6695,buak
6696,nang
6697,ester
6698,kaladuang
6699,dake
6700,mercado
6701,yangco
6702,menila
6703,kambe
6704,ya
6705,ing
6706,ing
6707,alagang
6708,atlung
6709,pulung
6710,centimong
6711,pilak
6712,giro
6713,postal
6714,at
6715,bitasan
6716,dang
6717,tanggapan
6718,de
6719,ing
6720,maring
6721,atin
6722,keng
6723,masusing
6724,listahan
6725,ding
6726,lagyu
6727,ra
6728,tuknangan
6729,ding
6730,manabilin
6731,novelang
6732,maring
6733,bukud
6734,kaniti
6735,pisasali
6736,mi
6737,la
6738,mu
6739,naman
6740,ding
6741,tutuking
6742,aklat
6743,pawang
6744,gewa
6745,na
6746,ning
6747,gg
6748,aurelio
6749,tolentino
6750,utya
6751,daklat
6752,kayanakan
6753,kasulatang
6754,gintu
6755,ing
6756,buak
6757,nang
6758,ester
6759,mumhnang
6760,dake
6761,ing
6762,buak
6763,nang
6764,ester
6765,kaladuang
6766,dake
6767,mercado
6768,yangco
6769,menila
6770,kambe
6771,ya
6772,ing
6773,ing
6774,alagang
6775,atlung
6776,pulung
6777,centimong
6778,pilak
6779,giro
6780,postal
6781,at
6782,bitasan
6783,dang
6784,tanggapan
6785,de
6786,ing
6787,maring
6788,atin
6789,keng
6790,masusing
6791,listahan
6792,ding
6793,lagyu
6794,ra
6795,tuknangan
6796,ding
6797,manabilin
6798,novelang
6799,maring
6800,bukud
6801,kaniti
6802,pisasali
6803,mi
6804,la
6805,mu
6806,naman
6807,ding
6808,tutuking
6809,aklat
6810,pawang
6811,gewa
6812,na
6813,ning
6814,gg
6815,aurelio
6816,tolentino
6817,utya
6818,daklat
6819,kayanakan
6820,kasulatang
6821,gintu
6822,ing
6823,buak
6824,nang
6825,ester
6826,mumhnang
6827,dake
6828,ing
6829,buak
6830,nang
6831,ester
6832,kaladuang
6833,dake
6834,mercado
6835,yangco
6836,menila
6837,kambe
6838,ya
6839,ing
6840,ing
6841,alagang
6842,atlung
6843,pulung
6844,centimong
6845,pilak
6846,giro
6847,postal
6848,at
6849,bitasan
6850,dang
6851,tanggapan
6852,de
6853,ing
6854,maring
6855,atin
6856,keng
6857,masusing
6858,listahan
6859,ding
6860,lagyu
6861,ra
6862,tuknangan
6863,ding
6864,manabilin
6865,novelang
6866,maring
6867,bukud
6868,kaniti
6869,pisasali
6870,mi
6871,la
6872,mu
6873,naman
6874,ding
6875,tutuking
6876,aklat
6877,pawang
6878,gewa
6879,na
6880,ning
6881,gg
6882,aurelio
6883,tolentino
6884,utya
6885,daklat
6886,kayanakan
6887,kasulatang
6888,gintu
6889,ing
6890,buak
6891,nang
6892,ester
6893,mumhnang
6894,dake
6895,ing
6896,buak
6897,nang
6898,ester
6899,kaladuang
6900,dake
6901,mercado
6902,yangco
6903,menila
6904,kambe
6905,ya
6906,ing
6907,ing
6908,alagang
6909,atlung
6910,pulung
6911,centimong
6912,pilak
6913,giro
6914,postal
6915,at
6916,bitasan
6917,dang
6918,tanggapan
6919,de
6920,ing
6921,maring
6922,atin
6923,keng
6924,masusing
6925,listahan
6926,ding
6927,lagyu
6928,ra
6929,tuknangan
6930,ding
6931,manabilin
6932,novelang
6933,maring
6934,bukud
6935,kaniti
6936,pisasali
6937,mi
6938,la
6939,mu
6940,naman
6941,ding
6942,tutuking
6943,aklat
6944,pawang
6945,gewa
6946,na
6947,ning
6948,gg
6949,aurelio
6950,tolentino
6951,utya
6952,daklat
6953,kayanakan
6954,kasulatang
6955,gintu
6956,ing
6957,buak
6958,nang
6959,ester
6960,mumhnang
6961,dake
6962,ing
6963,buak
6964,nang
6965,ester
6966,kaladuang
6967,dake
6968,mercado
6969,yangco
6970,menila
6971,kambe
6972,ya
6973,ing
6974,ing
6975,alagang
6976,atlung
6977,pulung
6978,centimong
6979,pilak
6980,giro
6981,postal
6982,at
6983,bitasan
6984,dang
6985,tanggapan
6986,de
6987,ing
6988,maring
6989,atin
6990,keng
6991,masusing
6992,listahan
6993,ding
6994,lagyu
6995,ra
6996,tuknangan
6997,ding
6998,manabilin
6999,novelang
7000,maring
7001,bukud
7002,kaniti
7003,pisasali
7004,mi
7005,la
7006,mu
7007,naman
7008,ding
7009,tutuking
7010,aklat
7011,pawang
7012,gewa
7013,na
7014,ning
7015,gg
7016,aurelio
7017,tolentino
7018,utya
7019,daklat
7020,kayanakan
7021,kasulatang
7022,gintu
7023,ing
7024,buak
7025,nang
7026,ester
7027,mumhnang
7028,dake
7029,ing
7030,buak
7031,nang
7032,ester
7033,kaladuang
7034,dake
7035,mercado
7036,yangco
7037,menila
7038,kambe
7039,ya
7040,ing
7041,ing
7042,alagang
7043,atlung
7044,pulung
7045,centimong
7046,pilak
7047,giro
7048,postal
7049,at
7050,bitasan
7051,dang
7052,tanggapan
7053,de
7054,ing
7055,maring
7056,atin
7057,keng
7058,masusing
7059,listahan
7060,ding
7061,lagyu
7062,ra
7063,tuknangan
7064,ding
7065,manabilin
7066,novelang
7067,maring
7068,bukud
7069,kaniti
7070,pisasali
7071,mi
7072,la
7073,mu
7074,naman
7075,ding
7076,tutuking
7077,aklat
7078,pawang
7079,gewa
7080,na
7081,ning
7082,gg
7083,aurelio
7084,tolentino
7085,utya
7086,daklat
7087,kayanakan
7088,kasulatang
7089,gintu
7090,ing
7091,buak
7092,nang
7093,ester
7094,mumhnang
7095,dake
7096,ing
7097,buak
7098,nang
7099,ester
7100,kaladuang
7101,dake
7102,mercado
7103,yangco
7104,menila
7105,kambe
7106,ya
7107,ing
7108,ing
7109,alagang
7110,atlung
7111,pulung
7112,centimong
7113,pilak
7114,giro
7115,postal
7116,at
7117,bitasan
7118,dang
7119,tanggapan
7120,de
7121,ing
7122,maring
7123,atin
7124,keng
7125,masusing
7126,listahan
7127,ding
7128,lagyu
7129,ra
7130,tuknangan
7131,ding
7132,manabilin
7133,novelang
7134,maring
7135,bukud
7136,kaniti
7137,pisasali
7138,mi
7139,la
7140,mu
7141,naman
7142,ding
7143,tutuking
7144,aklat
7145,pawang
7146,gewa
7147,na
7148,ning
7149,gg
7150,aurelio
7151,tolentino
7152,utya
7153,daklat
7154,kayanakan
7155,kasulatang
7156,gintu
7157,ing
7158,buak
7159,nang
7160,ester
7161,mumhnang
7162,dake
7163,ing
7164,buak
7165,nang
7166,ester
7167,kaladuang
7168,dake
7169,mercado
7170,yangco
7171,menila
7172,kambe
7173,ya
7174,ing
7175,ing
7176,alagang
7177,atlung
7178,pulung
7179,centimong
7180,pilak
7181,giro
7182,postal
7183,at
7184,bitasan
7185,dang
7186,tanggapan
7187,de
7188,ing
7189,maring
7190,atin
7191,keng
7192,masusing
7193,listahan
7194,ding
7195,lagyu
7196,ra
7197,tuknangan
7198,ding
7199,manabilin
7200,novelang
7201,maring
7202,bukud
7203,kaniti
7204,pisasali
7205,mi
7206,la
7207,mu
7208,naman
7209,ding
7210,tutuking
7211,aklat
7212,pawang
7213,gewa
7214,na
7215,ning
7216,gg
7217,aurelio
7218,tolentino
7219,utya
7220,daklat
7221,kayanakan
7222,kasulatang
7223,gintu
7224,ing
7225,buak
7226,nang
7227,ester
7228,mumhnang
7229,dake
7230,ing
7231,buak
7232,nang
7233,ester
7234,kaladuang
7235,dake
